ID,Name,Region,1. % of non- domestic childcare providers rated 'outstanding' or 'good' by Ofsted,2. % of children eligible for FSM achieving a 'good level of development' at the end of Early Years Foundation Stage  ,1. % of children eligible for FSM attending a primary school rated 'outstanding' or 'good' by Ofsted,"2. % of children eligible for FSM achieving at least the expected level in reading, writing and maths at the end of Key Stage 2 ",3. % of children eligible for FSM attending a secondary school rated 'outstanding' or 'good' by Ofsted,4. Average attainment 8 score for pupils eligible for FSM,"1.% of young people eligible for FSM that are not in education, employment or training (positive destination) after completing KS4",2. Average points score per entry for young people eligible for FSM at age 15 taking A-level or equivalent qualifications,3. % of young people eligible for FSM at age 15 achieving 2 or more A-levels or equivalent qualifications by the age of 19,3. % of people that live in the local area who are in managerial and professional occupations (SOC 1 and 2),4. % of jobs that are paid less than the applicable Living Wage Foundation living wage,5. % of families with DEPENDENT children who are owener occupiers (including shared and full owenership) 
E14000530,Aldershot,South East,0.885,0.5346,0.8282,0.467,0.2515,32.95,0.8718,29.53,0.2819,0.2894,0.1743,0.6345
E14000531,Aldridge-Brownhills,West Midlands,0.9792,0.5188,0.8324,0.4829,1,36.98,0.8819,18.09,0.2856,0.3013,0.2613,0.7639
E14000532,Altrincham and Sale West,North West,0.9401,0.537,0.9875,0.4524,0.9829,53.43,0.9158,34.27,0.4129,0.5069,0.2607,0.7719
E14000533,Amber Valley,East Midlands,0.9336,0.5411,0.639,0.3776,0.3364,33.67,0.8976,22.94,0.2099,0.2851,0.256,0.7075
E14000534,Arundel and South Downs,South East,0.9381,0.4443,0.7973,0.2558,0.7393,36.22,0.8517,20.92,0.2923,0.3696,0.2313,0.729
E14000535,Ashfield,East Midlands,1,0.4305,0.817,0.3715,0.8646,35.42,0.833,24.92,0.1915,0.1836,0.2417,0.6814
E14000536,Ashford,South East,0.9359,0.5595,0.9102,0.4059,0.7407,42.77,0.8995,23.92,0.2225,0.2441,0.2303,0.6667
E14000537,Ashton-under-Lyne,North West,0.9395,0.5183,0.8624,0.4009,0.3299,40.24,0.8434,24.08,0.3219,0.1846,0.2807,0.6443
E14000538,Aylesbury,South East,0.9532,0.5743,0.9568,0.467,0.1765,43.81,0.8747,25.4,0.3222,0.3259,0.16,0.709
E14000539,Banbury,South East,0.9489,0.5608,0.8343,0.3594,0.647,35.81,0.9021,25.18,0.2378,0.3346,0.193,0.6855
E14000540,Barking,London,0.8478,0.6188,0.8087,0.4968,0.9628,45.92,0.8903,28.89,0.4528,0.2054,0.2993,0.4342
E14000541,Barnsley Central,Yorkshire & The Humber,0.9309,0.4888,0.6775,0.443,0.7304,39.47,0.8624,23.76,0.2083,0.2186,0.2407,0.6398
E14000542,Barnsley East,Yorkshire & The Humber,0.9259,0.4939,0.8997,0.4137,0,33.98,0.8937,29.63,0.2415,0.1819,0.3467,0.6269
E14000543,Barrow and Furness,North West,0.9035,0.4543,0.9131,0.3952,0.5166,36.1,0.8977,29.28,0.2912,0.2921,0.2683,0.7362
E14000544,Basildon and Billericay,East of England,0.9397,0.5404,0.7304,0.3754,0.8148,33.86,0.8735,33.26,0.3432,0.3148,0.209,0.6614
E14000545,Basingstoke,South East,0.9544,0.5437,0.8738,0.48,0.5272,34.75,0.9203,23.57,0.2526,0.3195,0.1617,0.6542
E14000546,Bassetlaw,East Midlands,0.901,0.4615,0.8333,0.3574,0.9042,43.2,0.8759,26.62,0.2325,0.2552,0.253,0.7014
E14000547,Bath,South West,0.9562,0.4919,0.9211,0.3305,0.7932,36.11,0.7997,26.67,0.2875,0.3948,0.1747,0.6482
E14000548,Batley and Spen,Yorkshire & The Humber,0.7991,0.4776,0.7372,0.3333,0.9454,44.39,0.9062,26.77,0.3547,0.2343,0.3183,0.7128
E14000549,Battersea,London,0.9062,0.6141,0.8606,0.5015,0.3843,47.2,0.9168,26.17,0.5077,0.4472,0.1987,0.4694
E14000550,Beaconsfield,South East,0.8936,0.5098,0.8301,0.3839,0.351,39.3,0.9506,27.96,0.4255,0.435,0.162,0.7576
E14000551,Beckenham,London,0.9762,0.551,0.6347,0.5421,1,39.83,0.9144,28.23,0.4206,0.4617,0.3217,0.7939
E14000552,Bedford,East of England,0.9532,0.4928,0.9407,0.2671,0.8629,38.7,0.8801,26.28,0.3372,0.2934,0.2123,0.6291
E14000553,Bermondsey and Old Southwark,London,0.7977,0.626,0.9226,0.5398,0.985,47.85,0.9182,28.54,0.5345,0.418,0.113,0.1911
E14000554,Berwick-upon-Tweed,North East,1,0.5685,0.8442,0.3555,0.4028,31.63,0.9251,22.6,0.2416,0.2873,0.3737,0.6363
E14000555,Bethnal Green and Bow,London,0.881,0.5999,0.9526,0.5925,0.8931,47.07,0.9544,28.6,0.6026,0.3479,0.1447,0.2139
E14000556,Beverley and Holderness,Yorkshire & The Humber,0.9474,0.5069,0.9064,0.3421,0.6459,38.48,0.8883,22.32,0.422,0.2913,0.27,0.7522
E14000557,Bexhill and Battle,South East,0.9453,0.5961,0.9093,0.3562,0.7169,38.54,0.8845,27.96,0.3237,0.3807,0.314,0.7215
E14000558,Bexleyheath and Crayford,London,0.9155,0.6565,0.7345,0.4351,0.8078,48.77,0.9323,27.81,0.3725,0.2522,0.334,0.74
E14000559,Birkenhead,North West,0.9359,0.5535,0.9091,0.3596,0.512,41.5,0.8683,26.68,0.2829,0.1983,0.2907,0.5574
E14000560,"Birmingham, Edgbaston",West Midlands,0.93,0.5284,0.7351,0.359,0.8109,43.7,0.9031,27.52,0.3562,0.3986,0.188,0.5553
E14000561,"Birmingham, Erdington",West Midlands,0.9088,0.5626,0.7141,0.3807,0.2755,37.4,0.8452,22.5,0.3196,0.2118,0.2133,0.5059
E14000562,"Birmingham, Hall Green",West Midlands,0.9517,0.5828,0.8011,0.4774,0.8683,44.12,0.9118,28.02,0.5476,0.2785,0.338,0.6256
E14000563,"Birmingham, Hodge Hill",West Midlands,0.9141,0.5478,0.7038,0.3797,0.6529,42.46,0.89,14.59,0.5167,0.2783,0.2157,0.5312
E14000564,"Birmingham, Ladywood",West Midlands,0.7206,0.5945,0.6716,0.3662,0.7656,47.12,0.9151,26.3,0.5187,0.2447,0.1473,0.3513
E14000565,"Birmingham, Northfield",West Midlands,0.9048,0.4999,0.5699,0.3587,0.8355,36.6,0.8757,24.35,0.2995,0.2586,0.395,0.5593
E14000566,"Birmingham, Perry Barr",West Midlands,0.8706,0.569,0.8467,0.4349,0.7239,42.79,0.8569,27.24,0.5271,0.2078,0.2863,0.633
E14000567,"Birmingham, Selly Oak",West Midlands,0.9198,0.4971,0.9553,0.4884,0.7197,49.71,0.8974,28.53,0.3745,0.3566,0.227,0.6116
E14000568,"Birmingham, Yardley",West Midlands,0.9021,0.5873,0.7398,0.3663,0.7045,38.37,0.8689,26.37,0.4269,0.232,0.319,0.6135
E14000569,Bishop Auckland,North East,0.9855,0.5369,0.8193,0.4387,0.6481,40.55,0.8582,27.34,0.2345,0.2317,0.264,0.6617
E14000570,Blackburn,North West,0.8784,0.4816,0.8203,0.4351,0.654,44.1,0.9051,28.26,0.4298,0.2157,0.284,0.643
E14000571,Blackley and Broughton,North West,0.9326,0.5503,0.9403,0.45,0.2685,40.57,0.8147,38.72,0.3828,0.2198,0.161,0.3961
E14000572,Blackpool North and Cleveleys,North West,0.9615,0.5641,0.8834,0.4236,0.2786,36.13,0.7937,25.87,0.3815,0.2051,0.2707,0.6537
E14000573,Blackpool South,North West,0.895,0.4955,0.6208,0.3622,0.2471,31.73,0.8377,33.23,0.3336,0.2249,0.4263,0.612
E14000574,Blaydon,North East,1,0.5332,0.8849,0.5,0.3806,41.6,0.8644,24.12,0.2717,0.2716,0.3333,0.688
E14000575,Blyth Valley,North East,0.9464,0.513,0.7472,0.3628,0.4578,34.13,0.8512,23.41,0.2533,0.1892,0.2793,0.652
E14000576,Bognor Regis and Littlehampton,South East,0.9263,0.4958,0.8889,0.2294,0.5454,34.57,0.8861,28.05,0.2441,0.2476,0.3473,0.6576
E14000577,Bolsover,East Midlands,0.9624,0.5429,0.8583,0.434,0.6381,36.14,0.8602,25.89,0.2578,0.1783,0.3523,0.6716
E14000578,Bolton North East,North West,0.9687,0.4313,0.8977,0.3888,0.5219,37.86,0.8845,21.81,0.3491,0.2865,0.2163,0.6279
E14000579,Bolton South East,North West,0.8947,0.49,0.8685,0.4374,0.7732,38.2,0.8834,24.84,0.4153,0.1784,0.2453,0.6117
E14000580,Bolton West,North West,0.9472,0.4833,0.936,0.4596,0.5606,34.28,0.9155,30.84,0.3266,0.3707,0.281,0.7358
E14000581,Bootle,North West,0.9298,0.533,0.8112,0.4071,0.1572,29.92,0.8441,19.67,0.3225,0.2152,0.2157,0.5912
E14000582,Boston and Skegness,East Midlands,0.9142,0.5415,0.8527,0.3754,0.5754,37.73,0.8847,27.87,0.2263,0.2,0.4187,0.606
E14000583,Bosworth,East Midlands,0.9405,0.3883,0.7381,0.2811,0.7564,38.54,0.8445,28.2,0.234,0.3079,0.2223,0.7645
E14000584,Bournemouth East,South West,0.9078,0.5656,0.8963,0.4101,1,46.38,0.8805,25.96,0.2589,0.2868,0.202,0.6065
E14000585,Bournemouth West,South West,0.9144,0.5416,0.8325,0.3568,0.7037,43.07,0.811,26.44,0.2978,0.2914,0.209,0.6004
E14000586,Bracknell,South East,0.9408,0.5331,0.6096,0.2759,0.668,38.82,0.9192,28.12,0.2876,0.3168,0.1107,0.7012
E14000587,Bradford East,Yorkshire & The Humber,0.9433,0.5745,0.7019,0.3491,0.5442,38.63,0.8691,27.77,0.3609,0.2187,0.2463,0.624
E14000588,Bradford South,Yorkshire & The Humber,0.9506,0.5025,0.5536,0.3434,0.1963,35.05,0.846,22.36,0.2834,0.1902,0.3147,0.6313
E14000589,Bradford West,Yorkshire & The Humber,0.9156,0.5539,0.7072,0.3464,0.3029,38.58,0.8785,23.33,0.4009,0.1888,0.219,0.6709
E14000590,Braintree,East of England,0.9087,0.5086,0.8944,0.3836,0.7698,36.52,0.877,29.92,0.3367,0.2075,0.2603,0.6982
E14000591,Brent Central,London,0.9011,0.5874,0.8803,0.5091,0.8536,39.6,0.871,21.34,0.5045,0.2906,0.3497,0.3551
E14000592,Brent North,London,0.8922,0.6068,0.9448,0.4826,0.849,45.18,0.9248,30.56,0.6375,0.2497,0.3213,0.5613
E14000593,Brentford and Isleworth,London,0.9471,0.5802,0.9113,0.4698,0.7113,41.83,0.939,29,0.5486,0.412,0.17,0.5187
E14000594,Brentwood and Ongar,East of England,0.8989,0.5509,0.8955,0.3146,0.9703,40.82,0.8866,28.12,0.323,0.3829,0.2053,0.7696
E14000595,Bridgwater and West Somerset,South West,0.9411,0.5,0.839,0.3836,0.8166,36.47,0.9023,22.72,0.2234,0.2453,0.3087,0.6259
E14000596,Brigg and Goole,Yorkshire & The Humber,0.9524,0.5763,0.6467,0.3134,0.6776,37.87,0.8768,28.77,0.2604,0.2504,0.308,0.7153
E14000597,"Brighton, Kemptown",South East,0.9464,0.515,0.8833,0.3308,0.4015,30.67,0.8651,20.77,0.225,0.3425,0.1747,0.5491
E14000598,"Brighton, Pavilion",South East,0.9444,0.5198,0.8611,0.3841,1,37.67,0.9108,27.31,0.4123,0.4022,0.1737,0.6581
E14000599,Bristol East,South West,0.9058,0.4882,0.8871,0.406,0.7808,35.47,0.8979,25.52,0.2332,0.3032,0.2437,0.6433
E14000600,Bristol North West,South West,0.871,0.5377,0.7993,0.388,1,34.65,0.7976,24.38,0.2525,0.4139,0.1637,0.5841
E14000601,Bristol South,South West,0.9115,0.4977,0.6741,0.4417,0.8934,32.27,0.867,16.93,0.2274,0.2651,0.1937,0.5908
E14000602,Bristol West,South West,0.9298,0.5454,0.638,0.3849,0.7072,41.43,0.876,27.28,0.3364,0.4436,0.126,0.5154
E14000603,Broadland,East of England,0.9041,0.5063,0.8804,0.3288,0.8465,37.04,0.8812,24.78,0.26,0.3065,0.321,0.7415
E14000604,Bromley and Chislehurst,London,0.8985,0.5193,0.7713,0.4498,0.9556,40.62,0.888,25.11,0.3306,0.3949,0.2653,0.6725
E14000605,Bromsgrove,West Midlands,0.9353,0.5031,0.9328,0.4038,0.9789,38.33,0.9002,28.79,0.3407,0.3385,0.2863,0.817
E14000606,Broxbourne,East of England,0.9159,0.5514,0.7941,0.45,0.6732,40.16,0.9059,24.12,0.3341,0.3141,0.1987,0.7253
E14000607,Broxtowe,East Midlands,0.9208,0.4727,0.7477,0.3885,0.5779,37.7,0.8628,25.91,0.3589,0.3228,0.2427,0.7426
E14000608,Buckingham,South East,0.9874,0.5514,0.9016,0.2471,0.5698,34.42,0.8629,29.37,0.4133,0.3841,0.2127,0.7507
E14000609,Burnley,North West,0.9078,0.5028,0.9436,0.3534,0.6093,31.95,0.8273,23.74,0.2681,0.2595,0.3243,0.6698
E14000610,Burton,West Midlands,0.9518,0.5723,0.7086,0.3455,0.5917,36.26,0.9261,24.05,0.2644,0.2183,0.2813,0.682
E14000611,Bury North,North West,0.8431,0.5457,0.811,0.3684,0.8752,38.17,0.8992,25.21,0.4385,0.3114,0.2607,0.7251
E14000612,Bury South,North West,0.7532,0.577,0.7428,0.3694,0.5489,38.54,0.8611,28.49,0.4534,0.3027,0.3027,0.7059
E14000613,Bury St Edmunds,East of England,0.8973,0.5479,0.8495,0.3248,0.7665,35.98,0.9262,27.14,0.3553,0.3034,0.2643,0.7021
E14000614,Calder Valley,Yorkshire & The Humber,0.8546,0.4868,0.8217,0.2337,0.763,37.63,0.8848,23.07,0.2903,0.3402,0.265,0.7416
E14000615,Camberwell and Peckham,London,0.8858,0.6568,0.7525,0.4906,0.9679,47.03,0.8995,31.55,0.5658,0.3617,0.2923,0.2828
E14000616,Camborne and Redruth,South West,1,0.4302,0.8786,0.4251,0.9775,39.48,0.8923,27.84,0.2913,0.2402,0.3057,0.6705
E14000617,Cambridge,East of England,0.9094,0.4124,0.9436,0.2585,0.7233,40.42,0.856,37.86,0.3073,0.4655,0.1377,0.5236
E14000618,Cannock Chase,West Midlands,0.9109,0.6002,0.7011,0.3436,0.4712,34.68,0.8941,27.52,0.2649,0.2358,0.2907,0.7029
E14000619,Canterbury,South East,0.9427,0.5818,0.7487,0.4981,0.4862,41.86,0.8308,27.71,0.2491,0.435,0.2573,0.6444
E14000620,Carlisle,North West,0.9515,0.4234,0.8384,0.3488,0.5087,38.52,0.8222,21.04,0.189,0.2158,0.2853,0.7011
E14000621,Carshalton and Wallington,London,0.9351,0.5036,0.857,0.4927,1,54.01,0.8839,32.77,0.356,0.3281,0.2797,0.6582
E14000622,Castle Point,East of England,0.9559,0.5303,0.8241,0.4017,0.7949,38.16,0.8694,27.87,0.3326,0.2108,0.328,0.803
E14000623,Central Devon,South West,0.9196,0.5359,0.9754,0.337,0.9899,38.33,0.9201,28.43,0.3273,0.2934,0.2873,0.7116
E14000624,Central Suffolk and North Ipswich,East of England,0.8825,0.5644,0.7619,0.3478,0.6021,37.88,0.8846,28.47,0.3947,0.3396,0.284,0.7281
E14000625,Charnwood,East Midlands,0.9359,0.4186,0.6976,0.3469,0.8601,34.32,0.8672,26.34,0.3013,0.3508,0.317,0.817
E14000626,Chatham and Aylesford,South East,0.971,0.5614,0.5818,0.3519,0.6982,37.98,0.8732,23.25,0.2532,0.2255,0.1963,0.6591
E14000627,Cheadle,North West,0.9747,0.5337,0.9026,0.3671,0.8561,40.32,0.8673,27.8,0.4953,0.4498,0.2113,0.8536
E14000628,Chelmsford,East of England,0.9653,0.519,0.7175,0.377,1,46.2,0.8863,31.41,0.3266,0.3519,0.163,0.7107
E14000629,Chelsea and Fulham,London,0.9479,0.6098,0.8849,0.5724,0.9299,49.3,0.8977,33.03,0.5585,0.5251,0.2353,0.4402
E14000630,Cheltenham,South West,0.9145,0.4826,0.9531,0.4624,1,39.03,0.8208,21.76,0.252,0.3336,0.2043,0.6731
E14000631,Chesham and Amersham,South East,0.951,0.51,0.7419,0.373,0.9628,44.7,0.9265,26.64,0.2861,0.449,0.165,0.7749
E14000632,Chesterfield,East Midlands,0.8979,0.5208,0.7452,0.4161,0.4732,39.22,0.8534,27.16,0.2812,0.2502,0.288,0.6558
E14000633,Chichester,South East,0.9614,0.4141,0.7713,0.2404,0.7658,40.65,0.8855,28.96,0.3229,0.378,0.2603,0.646
E14000634,Chingford and Woodford Green,London,0.9175,0.6772,0.9339,0.5405,0.9441,47.98,0.9133,29.43,0.5472,0.3375,0.4697,0.6938
E14000635,Chippenham,South West,0.9348,0.4446,0.8276,0.2826,0.828,35,0.9245,30.19,0.3015,0.3518,0.2097,0.7005
E14000636,Chipping Barnet,London,0.9129,0.5742,0.9297,0.4516,0.8355,47.66,0.8863,29.59,0.5313,0.4106,0.307,0.658
E14000637,Chorley,North West,0.8986,0.554,0.9823,0.3713,1,37.98,0.8619,26.14,0.2765,0.3246,0.265,0.7472
E14000638,Christchurch,South West,0.9019,0.5665,0.8372,0.2533,0.7414,36.46,0.9209,26.78,0.3276,0.2793,0.2237,0.725
E14000639,Cities of London and Westminster,London,0.9558,0.6887,0.938,0.5049,1,51.45,0.9206,30.64,0.6009,0.447,0.1083,0.3093
E14000640,City of Chester,North West,0.9111,0.4801,0.8856,0.343,0.8241,36.68,0.8007,23.25,0.23,0.3746,0.2433,0.7128
E14000641,City of Durham,North East,0.9733,0.5261,0.8664,0.4486,0.4856,36.48,0.8197,30.87,0.3024,0.4171,0.1993,0.6889
E14000642,Clacton,East of England,0.9338,0.5657,0.7082,0.2943,0.974,35.4,0.8818,24.57,0.2607,0.2274,0.379,0.6411
E14000643,Cleethorpes,Yorkshire & The Humber,0.9128,0.542,0.7679,0.3966,0.9535,41.49,0.8635,38.67,0.2415,0.2212,0.3077,0.7248
E14000644,Colchester,East of England,0.8924,0.5382,0.7387,0.4444,0.8012,38.87,0.912,24.28,0.2693,0.3072,0.218,0.5977
E14000645,Colne Valley,Yorkshire & The Humber,0.965,0.5084,0.793,0.4402,0.7192,35.05,0.9286,28.51,0.4542,0.3583,0.3043,0.7539
E14000646,Congleton,North West,0.918,0.5129,0.8789,0.3211,1,39.56,0.9189,26.34,0.366,0.3226,0.224,0.7981
E14000647,Copeland,North West,0.9207,0.4318,0.9327,0.325,0.6951,34.52,0.8892,22.52,0.2299,0.2848,0.1897,0.7106
E14000648,Corby,East Midlands,0.9201,0.4805,0.6627,0.2885,0.365,36.94,0.9001,25.4,0.2469,0.2716,0.261,0.6612
E14000649,Coventry North East,West Midlands,0.9397,0.5431,0.8881,0.3818,0.2956,34.98,0.8677,25.43,0.3429,0.1929,0.3137,0.5573
E14000650,Coventry North West,West Midlands,0.9352,0.5803,0.93,0.3866,0.6704,32.78,0.8901,20.91,0.2982,0.246,0.2553,0.6745
E14000651,Coventry South,West Midlands,0.9431,0.5745,0.8692,0.4245,0.8271,39.83,0.8711,23.36,0.3227,0.3272,0.158,0.609
E14000652,Crawley,South East,0.97,0.5411,0.5737,0.3239,0.5233,34.57,0.8474,22.73,0.3117,0.2203,0.1227,0.5837
E14000653,Crewe and Nantwich,North West,0.9586,0.4626,0.8338,0.2941,0.6171,35.96,0.8284,25,0.2406,0.3137,0.254,0.7023
E14000654,Croydon Central,London,0.9015,0.5792,0.571,0.4659,0.6239,35.04,0.8725,23.36,0.4615,0.3254,0.1893,0.5171
E14000655,Croydon North,London,0.8799,0.5984,0.6231,0.4097,0.8719,44.2,0.9355,25.86,0.5198,0.3222,0.3407,0.4806
E14000656,Croydon South,London,0.9494,0.5757,0.9039,0.4075,0.676,40.85,0.9005,26.43,0.4498,0.3959,0.308,0.7018
E14000657,Dagenham and Rainham,London,0.9265,0.5991,0.905,0.5534,0.475,39.74,0.9197,26.4,0.3719,0.2219,0.231,0.5659
E14000658,Darlington,North East,0.9881,0.5596,0.8396,0.4148,0.4104,33.84,0.8705,31.5,0.3518,0.2517,0.225,0.6463
E14000659,Dartford,South East,0.9128,0.614,0.7141,0.4583,0.9303,44.27,0.8608,27.25,0.2536,0.3294,0.1633,0.6872
E14000660,Daventry,East Midlands,0.9528,0.518,0.8815,0.3701,0.4541,34.28,0.8352,19.12,0.3152,0.3606,0.215,0.7286
E14000661,Denton and Reddish,North West,0.83,0.4857,0.8443,0.4199,0.565,38.22,0.8433,29.68,0.3083,0.2401,0.291,0.6806
E14000662,Derby North,East Midlands,0.9169,0.5236,0.708,0.2997,0.4472,37.37,0.8686,23.7,0.2508,0.3144,0.2217,0.6232
E14000663,Derby South,East Midlands,0.8296,0.4849,0.6997,0.3595,0.448,30.43,0.8256,21.31,0.2643,0.2052,0.1967,0.5617
E14000664,Derbyshire Dales,East Midlands,0.9439,0.5462,0.7272,0.3651,1,39.2,0.9165,32.54,0.2477,0.397,0.234,0.74
E14000665,Devizes,South West,0.8962,0.4237,0.7341,0.2636,0.9054,33.57,0.9033,25.7,0.2376,0.3645,0.224,0.5259
E14000666,Dewsbury,Yorkshire & The Humber,0.8991,0.5119,0.7575,0.3861,0.6115,38.76,0.8762,26.99,0.4059,0.2328,0.3067,0.7039
E14000667,Don Valley,Yorkshire & The Humber,0.9278,0.5494,0.6865,0.3713,0.2999,37.63,0.8714,22.49,0.205,0.2663,0.3487,0.6824
E14000668,Doncaster Central,Yorkshire & The Humber,0.9833,0.5605,0.5348,0.3333,0.414,34.92,0.8259,29.14,0.2853,0.1883,0.3107,0.6494
E14000669,Doncaster North,Yorkshire & The Humber,0.9551,0.5058,0.7561,0.3285,0.3949,34,0.8784,17.86,0.2071,0.1942,0.3183,0.6454
E14000670,Dover,South East,0.9741,0.6373,0.9805,0.4194,0.1281,38.37,0.8324,22.09,0.2049,0.2201,0.2453,0.6271
E14000671,Dudley North,West Midlands,0.8903,0.4385,0.8698,0.3134,0.5463,34.47,0.9038,24.94,0.2536,0.1803,0.224,0.6293
E14000672,Dudley South,West Midlands,0.9559,0.491,0.7969,0.3204,0.5937,38.08,0.8634,29.6,0.3414,0.232,0.2993,0.6801
E14000673,Dulwich and West Norwood,London,0.9004,0.5775,0.9695,0.5011,1,40.98,0.8836,28.61,0.4885,0.4905,0.1147,0.4415
E14000674,Ealing Central and Acton,London,0.8869,0.6124,0.9059,0.4516,0.8422,43.47,0.9275,32.69,0.5596,0.442,0.2683,0.4987
E14000675,Ealing North,London,0.9451,0.5746,0.9298,0.4836,1,43.38,0.9021,29,0.5682,0.266,0.3053,0.5404
E14000676,"Ealing, Southall",London,0.9479,0.6325,0.9096,0.4225,0.9936,44.98,0.92,31.59,0.6018,0.2589,0.367,0.5894
E14000677,Easington,North East,0.9203,0.4922,0.8752,0.4375,0.9029,36.77,0.8365,25.82,0.2975,0.215,0.328,0.6555
E14000678,East Devon,South West,0.9091,0.5358,0.9177,0.272,0.8343,39.14,0.9007,23.63,0.3031,0.379,0.1893,0.6921
E14000679,East Ham,London,0.9332,0.6894,0.9134,0.5716,0.7976,49.42,0.9277,43.17,0.6122,0.1812,0.3113,0.4024
E14000680,East Hampshire,South East,0.925,0.5077,0.9053,0.3333,0.92,39.06,0.8454,24.61,0.3471,0.3531,0.1917,0.701
E14000681,East Surrey,South East,0.9403,0.54,0.9442,0.4348,1,37.9,0.892,24.57,0.3532,0.3682,0.2307,0.7525
E14000682,East Worthing and Shoreham,South East,0.964,0.483,0.7901,0.2222,0.6831,36.16,0.8752,23.58,0.275,0.2922,0.216,0.7084
E14000683,East Yorkshire,Yorkshire & The Humber,0.967,0.4723,0.7868,0.3826,0.5925,38.18,0.8998,29.6,0.2997,0.2671,0.4207,0.7119
E14000684,Eastbourne,South East,0.9369,0.5798,0.7884,0.3665,0.8859,36.58,0.8159,26.47,0.2401,0.2783,0.2497,0.5797
E14000685,Eastleigh,South East,0.9605,0.4959,0.9416,0.3843,0.759,36.33,0.9075,28.39,0.3097,0.3008,0.1813,0.7102
E14000686,Eddisbury,North West,0.9424,0.4989,0.8013,0.2555,0.7542,39.07,0.7656,26.82,0.2752,0.3215,0.2167,0.7233
E14000687,Edmonton,London,0.8966,0.5931,0.8841,0.4189,0.8947,46.92,0.9097,30.81,0.4971,0.2423,0.3933,0.4508
E14000688,Ellesmere Port and Neston,North West,0.9375,0.5425,0.8086,0.3717,0.6003,35.08,0.8615,21.46,0.222,0.2804,0.2633,0.712
E14000689,Elmet and Rothwell,Yorkshire & The Humber,0.9472,0.4551,0.8821,0.3384,0.479,36.14,0.8385,24.54,0.2433,0.3151,0.2363,0.7863
E14000690,Eltham,London,0.9277,0.6587,0.957,0.544,0.801,42.17,0.8471,26.27,0.4146,0.3167,0.275,0.5835
E14000691,Enfield North,London,0.9299,0.5834,0.9319,0.3938,0.9021,39.99,0.9091,25.03,0.5003,0.2898,0.3327,0.5772
E14000692,"Enfield, Southgate",London,0.8746,0.5709,0.9285,0.4727,1,42.98,0.9365,26.66,0.5447,0.4424,0.341,0.6655
E14000693,Epping Forest,East of England,0.9321,0.5398,0.8615,0.3039,0.8316,39.12,0.8687,27.73,0.3806,0.361,0.2063,0.7213
E14000694,Epsom and Ewell,South East,0.9386,0.6138,0.9804,0.3235,0.9432,44.41,0.8685,31.45,0.4616,0.4502,0.146,0.7986
E14000695,Erewash,East Midlands,0.9316,0.5076,0.8483,0.3737,0.4639,33.65,0.8617,21.87,0.2441,0.2385,0.272,0.699
E14000696,Erith and Thamesmead,London,0.8874,0.6504,0.9729,0.5025,0.5938,39.92,0.8726,20.24,0.4512,0.2389,0.3573,0.4912
E14000697,Esher and Walton,South East,0.9212,0.587,0.8705,0.32,0.7071,39.23,0.7741,31.17,0.3718,0.4631,0.1357,0.7423
E14000698,Exeter,South West,0.8908,0.547,0.9504,0.3559,0.8577,39.68,0.8742,26.98,0.2494,0.3251,0.1983,0.6158
E14000699,Fareham,South East,0.9029,0.5249,0.8822,0.4706,1,34.32,0.8715,30.23,0.2744,0.2895,0.1837,0.7851
E14000700,Faversham and Mid Kent,South East,0.9269,0.5434,0.6634,0.4358,0.9212,32,0.8929,24.11,0.2676,0.3172,0.229,0.6927
E14000701,Feltham and Heston,London,0.8811,0.5733,0.8678,0.4877,0.9854,47.03,0.8683,28.1,0.5218,0.2518,0.2757,0.5133
E14000702,Filton and Bradley Stoke,South West,0.9355,0.5477,0.8431,0.3167,0.7801,33.88,0.9179,22.7,0.2598,0.364,0.156,0.7448
E14000703,Finchley and Golders Green,London,0.952,0.5609,0.8108,0.3566,0.9611,50.33,0.9222,32.9,0.5348,0.4847,0.3077,0.5802
E14000704,Folkestone and Hythe,South East,0.9132,0.559,0.843,0.3633,1,41.62,0.8628,23.88,0.2596,0.3048,0.2953,0.6177
E14000705,Forest of Dean,South West,0.9439,0.4602,0.8665,0.3832,0.4978,32.78,0.8585,27.24,0.261,0.2477,0.309,0.7345
E14000706,Fylde,North West,0.9427,0.4876,0.973,0.3147,0.8675,32.87,0.9076,22.86,0.4392,0.3102,0.1823,0.7443
E14000707,Gainsborough,East Midlands,0.9302,0.5377,0.9349,0.3789,0.435,44.66,0.8818,30.13,0.2148,0.3067,0.3197,0.7184
E14000708,Garston and Halewood,North West,0.9036,0.5143,0.9556,0.3641,0.224,35.36,0.8641,22.25,0.2941,0.3113,0.2743,0.6341
E14000709,Gateshead,North East,0.977,0.5281,0.8998,0.49,0.3403,41.38,0.864,29.2,0.2487,0.2139,0.227,0.5228
E14000710,Gedling,East Midlands,0.9169,0.4897,0.8302,0.4128,0.6786,38.98,0.8798,28.59,0.2698,0.3137,0.3853,0.7374
E14000711,Gillingham and Rainham,South East,0.9684,0.6073,0.6675,0.4332,0.6912,40.24,0.8802,23.89,0.338,0.2717,0.256,0.6965
E14000712,Gloucester,South West,0.9225,0.4532,0.9252,0.3746,0.443,43.79,0.8451,25.83,0.2281,0.2456,0.1813,0.6676
E14000713,Gosport,South East,0.9369,0.5681,0.6099,0.3182,0.6625,33.65,0.8441,26.36,0.2603,0.2661,0.3003,0.6283
E14000714,Grantham and Stamford,East Midlands,0.9456,0.5778,0.8288,0.3202,0.8691,43.44,0.8466,25.15,0.2776,0.2664,0.3163,0.6586
E14000715,Gravesham,South East,0.9071,0.5656,0.5813,0.3981,1,41.1,0.8421,23.49,0.2908,0.284,0.306,0.6454
E14000716,Great Grimsby,Yorkshire & The Humber,0.9683,0.5889,0.5982,0.3686,0.4278,35.5,0.8441,26.11,0.2223,0.18,0.3623,0.586
E14000717,Great Yarmouth,East of England,1,0.5272,0.6373,0.3966,0.4736,36.38,0.8632,28.74,0.2349,0.2652,0.292,0.5917
E14000718,Greenwich and Woolwich,London,0.9203,0.7078,0.9542,0.5415,0.7121,44.3,0.9036,22.77,0.4395,0.403,0.2483,0.3163
E14000719,Guildford,South East,0.9159,0.4707,0.9248,0.356,0.7313,39.23,0.8996,22.36,0.327,0.4163,0.1043,0.7197
E14000720,Hackney North and Stoke Newington,London,0.8716,0.6797,0.9865,0.6133,0.9992,45.76,0.9209,28.36,0.5889,0.4365,0.418,0.3023
E14000721,Hackney South and Shoreditch,London,0.9197,0.6764,0.8957,0.5437,0.9955,47.02,0.8942,29.44,0.5863,0.3667,0.1493,0.1735
E14000722,Halesowen and Rowley Regis,West Midlands,0.8978,0.5378,0.8735,0.4323,0.907,38.82,0.8675,22.5,0.3878,0.2524,0.3027,0.691
E14000723,Halifax,Yorkshire & The Humber,0.9378,0.4795,0.8702,0.2951,0.6586,43.65,0.8994,29.41,0.3599,0.2515,0.1853,0.6673
E14000724,Haltemprice and Howden,Yorkshire & The Humber,0.9446,0.5268,0.7877,0.3508,0.6539,41.48,0.8973,28.71,0.3885,0.3765,0.2417,0.8333
E14000725,Halton,North West,0.9395,0.4493,0.8495,0.3169,0.5432,38.6,0.9011,26.8,0.3677,0.2197,0.2403,0.615
E14000726,Hammersmith,London,0.8919,0.6594,0.8993,0.5345,0.7789,46.3,0.9037,22.47,0.5366,0.4197,0.149,0.3154
E14000727,Hampstead and Kilburn,London,0.922,0.585,0.8623,0.5592,0.8905,43.87,0.9261,30.49,0.5807,0.4889,0.267,0.4111
E14000728,Harborough,East Midlands,0.9214,0.3995,0.8824,0.3929,0.8308,35.82,0.8459,25.46,0.3733,0.3387,0.267,0.8058
E14000729,Harlow,East of England,0.9406,0.5644,0.6712,0.4354,0.9318,35.97,0.8964,25.86,0.3059,0.2342,0.178,0.5845
E14000730,Harrogate and Knaresborough,Yorkshire & The Humber,0.9515,0.472,0.8695,0.3232,1,40.24,0.9113,28.69,0.3849,0.3333,0.2223,0.7247
E14000731,Harrow East,London,0.9246,0.5617,0.851,0.4711,0.9433,44.62,0.9205,25.07,0.6236,0.3311,0.2917,0.6678
E14000732,Harrow West,London,0.8614,0.5956,0.9261,0.4828,1,45.13,0.9239,30.12,0.6277,0.3476,0.3773,0.5991
E14000733,Hartlepool,North East,1,0.5741,0.7938,0.4029,0.5158,36.88,0.8582,25.51,0.2678,0.2167,0.322,0.6214
E14000734,Harwich and North Essex,East of England,0.991,0.5215,0.9407,0.4571,0.8041,36.13,0.9148,17.62,0.2264,0.303,0.2397,0.7339
E14000735,Hastings and Rye,South East,0.9025,0.6028,0.6038,0.3318,0.5209,34.12,0.8455,23.07,0.1997,0.2918,0.2853,0.5709
E14000736,Havant,South East,0.8873,0.4679,0.858,0.382,0.7083,35.74,0.8577,24.61,0.2306,0.2894,0.2237,0.6054
E14000737,Hayes and Harlington,London,0.9153,0.5542,0.6955,0.4543,0.9725,40.5,0.8835,22.37,0.4757,0.2288,0.2587,0.5337
E14000738,Hazel Grove,North West,0.9677,0.4525,0.8455,0.3007,0.6208,35.57,0.8307,29.31,0.2714,0.3249,0.3253,0.7739
E14000739,Hemel Hempstead,East of England,0.9471,0.5177,0.8487,0.3455,0.5654,35.3,0.894,20.26,0.2796,0.2225,0.2093,0.6006
E14000740,Hemsworth,Yorkshire & The Humber,0.8482,0.4669,0.7096,0.3277,0.6504,35.46,0.8508,21.71,0.2755,0.248,0.3007,0.6638
E14000741,Hendon,London,0.9261,0.6068,0.9643,0.4822,0.8964,45.2,0.9091,28.32,0.5435,0.3622,0.2623,0.52
E14000742,Henley,South East,0.9206,0.4938,0.793,0.2069,0.9434,35.08,0.892,26.71,0.3051,0.4394,0.178,0.7435
E14000743,Hereford and South Herefordshire,West Midlands,0.9448,0.5273,0.8132,0.358,0.579,35.48,0.8954,27.28,0.2825,0.2348,0.281,0.6382
E14000744,Hertford and Stortford,East of England,0.9872,0.4963,0.9317,0.4234,0.8303,42.38,0.8803,30.41,0.398,0.3956,0.2063,0.7527
E14000745,Hertsmere,East of England,0.8869,0.5055,0.8733,0.3619,0.715,39.96,0.8927,27.7,0.3504,0.296,0.1737,0.6899
E14000746,Hexham,North East,0.9445,0.6149,0.8347,0.3359,0.763,36.75,0.9108,30.32,0.3676,0.3809,0.327,0.7139
E14000747,Heywood and Middleton,North West,0.9488,0.5069,0.9169,0.4308,0.235,40.15,0.8414,22.8,0.3019,0.2608,0.3453,0.6813
E14000748,High Peak,East Midlands,0.9641,0.4923,0.7802,0.3168,0.5405,37.23,0.8565,23.56,0.3287,0.3345,0.3287,0.7363
E14000749,Hitchin and Harpenden,East of England,0.925,0.489,0.8512,0.4485,1,41.64,0.901,31.71,0.5176,0.402,0.2433,0.7463
E14000750,Holborn and St Pancras,London,0.8854,0.5174,0.9818,0.5285,0.7983,44.71,0.9081,27.72,0.5066,0.4537,0.123,0.2629
E14000751,Hornchurch and Upminster,London,0.9087,0.536,0.8283,0.5506,0.7092,43.03,0.8883,26.82,0.281,0.2737,0.3363,0.748
E14000752,Hornsey and Wood Green,London,0.9444,0.6489,0.9376,0.449,1,43.55,0.9161,27.41,0.5848,0.447,0.3227,0.5129
E14000753,Horsham,South East,0.9645,0.449,0.8322,0.2586,1,40.8,0.803,25.59,0.3559,0.3672,0.2017,0.7625
E14000754,Houghton and Sunderland South,North East,1,0.5622,0.8905,0.4498,0.4894,34.24,0.86,30.18,0.2936,0.2034,0.1863,0.6228
E14000755,Hove,South East,0.9472,0.5156,0.9344,0.4286,0.6948,37.68,0.8988,25.29,0.3031,0.4289,0.1953,0.6265
E14000756,Huddersfield,Yorkshire & The Humber,0.9704,0.5737,0.8683,0.3506,0.4947,36.1,0.9094,29.56,0.4365,0.2931,0.3107,0.6227
E14000757,Huntingdon,East of England,0.9173,0.4916,0.6894,0.2605,0.5459,33.8,0.891,24.52,0.2923,0.2835,0.208,0.7063
E14000758,Hyndburn,North West,0.9695,0.5425,0.883,0.4299,0.7483,37.04,0.8884,23.99,0.3556,0.2173,0.3107,0.6915
E14000759,Ilford North,London,0.92,0.5852,0.9809,0.4511,0.9646,45.57,0.8993,27.43,0.4999,0.3476,0.3527,0.6849
E14000760,Ilford South,London,0.9183,0.5991,0.9449,0.4706,1,48.1,0.9171,27.66,0.6459,0.2568,0.359,0.5753
E14000761,Ipswich,East of England,0.8923,0.5446,0.5038,0.3566,0.3979,36.18,0.8864,25.85,0.3655,0.2446,0.2253,0.558
E14000762,Isle of Wight,South East,0.975,0.5697,0.6723,0.3735,0.2984,32.53,0.8917,24.3,0.2642,0.2599,0.2973,0.6394
E14000763,Islington North,London,0.8975,0.5925,0.9579,0.5113,0.8955,41.4,0.895,24.19,0.5752,0.4835,0.206,0.3153
E14000764,Islington South and Finsbury,London,0.9144,0.5804,0.858,0.5021,1,49.13,0.9297,28.07,0.5461,0.433,0.1027,0.2363
E14000765,Jarrow,North East,0.9458,0.5114,0.9221,0.4611,0.7526,37.54,0.8817,23.09,0.2692,0.2546,0.3,0.5963
E14000766,Keighley,Yorkshire & The Humber,0.9356,0.5593,0.6645,0.3383,0.278,36.53,0.8612,24.16,0.3776,0.3367,0.2843,0.7479
E14000767,Kenilworth and Southam,West Midlands,0.9021,0.5166,0.9282,0.3781,1,38.15,0.9101,29.16,0.2781,0.461,0.143,0.7896
E14000768,Kensington,London,0.9385,0.5403,0.8913,0.6199,0.8601,52.9,0.9217,34.22,0.5762,0.4678,0.2207,0.332
E14000769,Kettering,East Midlands,0.9454,0.4961,0.7169,0.3391,0.3015,36.67,0.8404,26.98,0.2625,0.3057,0.2437,0.7045
E14000770,Kingston and Surbiton,London,0.8794,0.5901,0.9633,0.3906,0.94,45.75,0.8512,30.66,0.4614,0.3895,0.2567,0.677
E14000771,Kingston upon Hull East,Yorkshire & The Humber,0.9833,0.5317,0.6609,0.3673,0.2678,38,0.8535,21.04,0.2799,0.1713,0.291,0.5874
E14000772,Kingston upon Hull North,Yorkshire & The Humber,0.9766,0.5423,0.8944,0.5072,0.6444,40.8,0.8826,29.04,0.2544,0.2328,0.3187,0.4769
E14000773,Kingston upon Hull West and Hessle,Yorkshire & The Humber,0.9466,0.5528,0.8292,0.4669,1,37.6,0.8563,24,0.2931,0.2317,0.2793,0.5462
E14000774,Kingswood,South West,0.9335,0.5751,0.893,0.3839,0.3213,32.58,0.8603,26.02,0.2012,0.3152,0.3833,0.7434
E14000775,Knowsley,North West,1,0.5425,0.8348,0.3988,0,35.73,0.7598,2.67,0.2215,0.1931,0.321,0.578
E14000776,Lancaster and Fleetwood,North West,0.9311,0.5185,0.9149,0.3794,0.6303,41.53,0.871,31.41,0.23,0.3299,0.2533,0.6959
E14000777,Leeds Central,Yorkshire & The Humber,0.9578,0.4517,0.8534,0.291,0.2729,30.05,0.8406,23.42,0.2455,0.186,0.1447,0.3777
E14000778,Leeds East,Yorkshire & The Humber,0.962,0.487,0.8989,0.3552,0.3476,34.7,0.7885,19.06,0.2687,0.2082,0.2247,0.5201
E14000779,Leeds North East,Yorkshire & The Humber,0.9309,0.4718,0.9126,0.3082,0.9186,41.54,0.872,26.08,0.3243,0.4462,0.3097,0.6912
E14000780,Leeds North West,Yorkshire & The Humber,0.9159,0.4851,0.9549,0.4037,1,40.33,0.8285,26.09,0.3595,0.3788,0.2103,0.7345
E14000781,Leeds West,Yorkshire & The Humber,0.9815,0.4253,0.8552,0.306,0.5806,39.4,0.8061,26.55,0.2271,0.2484,0.2293,0.5322
E14000782,Leicester East,East Midlands,0.8831,0.5254,0.8087,0.4314,0.5608,38.43,0.8626,25.51,0.4434,0.173,0.3843,0.5963
E14000783,Leicester South,East Midlands,0.9246,0.5092,0.7874,0.4988,0.7024,38.74,0.8418,25.37,0.3954,0.2979,0.2363,0.5364
E14000784,Leicester West,East Midlands,0.8837,0.4562,0.8295,0.4324,0.8103,36.4,0.8294,22.79,0.2404,0.2185,0.2737,0.4529
E14000785,Leigh,North West,0.8612,0.4338,0.8963,0.4042,0.7163,38.77,0.8763,26,0.2592,0.228,0.339,0.686
E14000786,Lewes,South East,0.9465,0.5796,0.7804,0.3676,0.7575,33.88,0.884,28.8,0.2845,0.334,0.251,0.6878
E14000787,Lewisham East,London,0.9061,0.7018,0.9521,0.4111,0.4506,41.48,0.8648,21.09,0.4676,0.3264,0.229,0.4947
E14000788,Lewisham West and Penge,London,0.8269,0.713,0.9321,0.4474,0.521,40.08,0.8962,25.67,0.4114,0.3665,0.3733,0.4821
E14000789,"Lewisham, Deptford",London,0.8583,0.6778,0.9922,0.4654,0.4516,41.63,0.861,22.18,0.4982,0.3654,0.169,0.3548
E14000790,Leyton and Wanstead,London,0.9442,0.667,0.8331,0.4956,0.8848,43.2,0.9131,26.23,0.5918,0.3591,0.297,0.4892
E14000791,Lichfield,West Midlands,0.9345,0.5734,0.8326,0.3858,0.9332,41.13,0.912,25.33,0.3286,0.3603,0.23,0.7554
E14000792,Lincoln,East Midlands,0.9421,0.5005,0.7729,0.3499,0.7654,38.91,0.8424,21.59,0.2194,0.2449,0.2843,0.5679
E14000793,"Liverpool, Riverside",North West,0.8552,0.4473,0.8721,0.3029,0.7294,44.25,0.8606,27.81,0.3066,0.3673,0.1933,0.4045
E14000794,"Liverpool, Walton",North West,0.9137,0.4898,0.7812,0.3408,0.3204,35.56,0.868,24.31,0.2763,0.1648,0.262,0.4909
E14000795,"Liverpool, Wavertree",North West,0.9792,0.4588,0.8149,0.3219,0.1165,49.28,0.8756,28.2,0.3102,0.3503,0.2247,0.6301
E14000796,"Liverpool, West Derby",North West,0.8843,0.4801,0.8388,0.3463,0.5608,37.58,0.8815,26.67,0.3111,0.2781,0.2587,0.5825
E14000797,Loughborough,East Midlands,0.8939,0.4299,0.7598,0.378,0.7354,36.26,0.8848,24.53,0.3301,0.3208,0.25,0.7213
E14000798,Louth and Horncastle,East Midlands,0.9126,0.534,0.9204,0.3466,0.5461,41.2,0.8914,31.4,0.2809,0.2914,0.282,0.6615
E14000799,Ludlow,West Midlands,0.9326,0.4787,0.8144,0.3363,0.733,40.64,0.9073,22.11,0.2953,0.284,0.3793,0.6731
E14000800,Luton North,East of England,0.9573,0.5664,0.8351,0.3837,0.8783,38.01,0.8821,25.83,0.457,0.2586,0.2853,0.6517
E14000801,Luton South,East of England,0.9683,0.5925,0.7626,0.3733,0.9091,37.82,0.8775,25.18,0.4974,0.2177,0.1937,0.5909
E14000802,Macclesfield,North West,0.9419,0.5477,0.9347,0.2826,0.9156,37.04,0.8596,22.72,0.3731,0.4157,0.164,0.7739
E14000803,Maidenhead,South East,0.9038,0.4768,0.9062,0.3165,0.7677,40.49,0.9108,26.22,0.3482,0.4305,0.133,0.7426
E14000804,Maidstone and The Weald,South East,0.9259,0.5799,0.622,0.4269,0.7078,44.86,0.86,28.4,0.3273,0.3115,0.209,0.6949
E14000805,Makerfield,North West,0.9077,0.4851,0.9466,0.4145,0.6031,40.32,0.8422,34.06,0.3146,0.2215,0.291,0.7461
E14000806,Maldon,East of England,0.9804,0.5784,0.8762,0.3398,1,38.6,0.914,30.19,0.3826,0.266,0.2407,0.7967
E14000807,Manchester Central,North West,0.8806,0.58,0.9194,0.456,0.6482,36.68,0.8712,23.74,0.3931,0.3049,0.1533,0.3153
E14000808,"Manchester, Gorton",North West,0.8539,0.559,0.8277,0.4355,0.7521,42.4,0.8821,26.61,0.4565,0.2448,0.297,0.4465
E14000809,"Manchester, Withington",North West,0.8995,0.5469,0.9368,0.4829,0.6131,39.88,0.883,24.79,0.3926,0.4444,0.1747,0.6012
E14000810,Mansfield,East Midlands,0.9071,0.4835,0.8022,0.3609,0.7319,34.11,0.8193,26.51,0.2028,0.1595,0.378,0.6568
E14000811,Meon Valley,South East,0.8884,0.4745,0.795,0.3896,1,33.63,0.8177,29.96,0.2971,0.3332,0.1653,0.7726
E14000812,Meriden,West Midlands,0.9367,0.5277,0.8343,0.4161,0.7152,39.84,0.8848,24.62,0.312,0.3394,0.254,0.6879
E14000813,Mid Bedfordshire,East of England,0.9138,0.4576,0.9541,0.3282,0.778,38.53,0.8599,26.57,0.2611,0.3587,0.2393,0.7604
E14000814,Mid Derbyshire,East Midlands,0.9023,0.5118,0.8832,0.4154,1,39.68,0.8868,23.84,0.2709,0.3548,0.317,0.8235
E14000815,Mid Dorset and North Poole,South West,0.9164,0.5588,0.8255,0.2989,0.9067,42.5,0.917,23.1,0.3713,0.3144,0.175,0.7497
E14000816,Mid Norfolk,East of England,0.8794,0.459,0.7306,0.3492,0.9166,36.88,0.9033,27.3,0.2807,0.2994,0.331,0.6927
E14000817,Mid Sussex,South East,0.9518,0.4204,0.7737,0.2871,0.8958,36.65,0.8678,25.74,0.2725,0.339,0.1877,0.7581
E14000818,Mid Worcestershire,West Midlands,0.9158,0.4058,0.882,0.1791,0.9062,32.57,0.836,23.42,0.2368,0.3163,0.27,0.7185
E14000819,Middlesbrough,North East,0.9359,0.5072,0.8217,0.3921,0.5577,39.8,0.8315,25.45,0.3148,0.2168,0.2393,0.5494
E14000820,Middlesbrough South and East Cleveland,North East,0.9497,0.5128,0.8407,0.4425,0.8437,35.75,0.8645,32.9,0.2758,0.2814,0.3203,0.6761
E14000821,Milton Keynes North,South East,0.8825,0.5825,0.9282,0.4657,0.3664,39.03,0.8802,28.34,0.3811,0.2921,0.1297,0.6084
E14000822,Milton Keynes South,South East,0.9312,0.5854,0.7672,0.4048,0.8151,39.9,0.8834,23.16,0.3465,0.3154,0.1497,0.6365
E14000823,Mitcham and Morden,London,0.9092,0.5937,0.7279,0.4724,1,43.87,0.8643,7.92,0.4411,0.2675,0.3573,0.531
E14000824,Mole Valley,South East,0.9301,0.5973,0.7209,0.3086,1,33.83,0.8931,25.87,0.3549,0.4098,0.1347,0.7604
E14000825,Morecambe and Lunesdale,North West,0.9486,0.5124,0.8676,0.3789,0.4371,37.48,0.843,22.6,0.2176,0.2853,0.344,0.6955
E14000826,Morley and Outwood,Yorkshire & The Humber,0.9677,0.4076,0.913,0.3125,0.816,44.58,0.8058,27.51,0.3104,0.2414,0.2483,0.755
E14000827,New Forest East,South East,0.856,0.5922,0.8293,0.3981,0.8591,34.38,0.8225,18.82,0.269,0.2728,0.2233,0.7083
E14000828,New Forest West,South East,0.8764,0.5805,0.9113,0.3935,0.9717,38.55,0.9328,28.73,0.287,0.3183,0.25,0.6816
E14000829,Newark,East Midlands,0.8774,0.4229,0.7077,0.3562,0.4866,40.76,0.8624,31.88,0.27,0.2794,0.2843,0.7325
E14000830,Newbury,South East,0.8982,0.4955,0.7268,0.2905,0.8551,35.03,0.9276,25.86,0.2668,0.3874,0.1043,0.6731
E14000831,Newcastle upon Tyne Central,North East,0.9714,0.5598,0.7987,0.409,0.6502,36.66,0.8677,27.85,0.2407,0.2779,0.2087,0.4755
E14000832,Newcastle upon Tyne East,North East,0.9855,0.5519,0.948,0.5358,0.7731,37.28,0.8948,24.44,0.2564,0.2972,0.182,0.5247
E14000833,Newcastle upon Tyne North,North East,0.9688,0.6021,0.9232,0.5547,0.6804,37.17,0.8417,25.04,0.278,0.3106,0.2633,0.6356
E14000834,Newcastle-under-Lyme,West Midlands,0.9318,0.5647,0.7927,0.3695,0.8375,35.22,0.9096,29.42,0.3508,0.2229,0.2927,0.6921
E14000835,Newton Abbot,South West,0.944,0.5235,0.8548,0.3918,0.8988,38.32,0.901,21.79,0.2281,0.317,0.3033,0.7051
E14000836,"Normanton, Pontefract and Castleford",Yorkshire & The Humber,0.9804,0.4332,0.6215,0.3095,0.5475,34.82,0.8164,30.62,0.2485,0.1855,0.278,0.6454
E14000837,North Cornwall,South West,0.948,0.5087,0.789,0.3584,0.7297,35.28,0.8707,26.21,0.3375,0.2594,0.3867,0.6365
E14000838,North Devon,South West,0.9441,0.556,0.8266,0.3333,0.5603,36.68,0.8635,25.42,0.2678,0.2763,0.291,0.6547
E14000839,North Dorset,South West,0.929,0.5059,0.7022,0.3235,0.9379,34.62,0.8899,23.39,0.2676,0.3368,0.2417,0.6839
E14000840,North Durham,North East,0.9565,0.5389,0.9074,0.4661,0.4169,34.26,0.8748,21.89,0.2903,0.2367,0.2733,0.6904
E14000841,North East Bedfordshire,East of England,0.9578,0.5057,0.9385,0.2874,0.9774,39.68,0.8898,24.24,0.2978,0.3329,0.2693,0.7542
E14000842,North East Cambridgeshire,East of England,0.9444,0.5249,0.587,0.327,0.4844,35.6,0.8599,19.84,0.226,0.1927,0.2993,0.6679
E14000843,North East Derbyshire,East Midlands,0.9462,0.4806,0.6962,0.3421,0.4116,36.5,0.9054,25.25,0.2855,0.274,0.3727,0.6912
E14000844,North East Hampshire,South East,0.9406,0.5525,0.9253,0.3679,0.6945,36.14,0.9184,27.02,0.4205,0.3951,0.2013,0.7805
E14000845,North East Hertfordshire,East of England,0.9784,0.5034,0.6833,0.3174,0.9625,33.88,0.8685,25.15,0.3285,0.3305,0.212,0.6938
E14000846,North East Somerset,South West,0.9304,0.4677,0.7555,0.3177,0.8407,39.54,0.8524,26.7,0.2485,0.3389,0.276,0.7708
E14000847,North Herefordshire,West Midlands,0.9361,0.462,0.7295,0.3077,0.848,35.67,0.902,24.44,0.2327,0.301,0.3593,0.664
E14000848,North Norfolk,East of England,0.9522,0.5329,0.9636,0.406,0.8983,39.82,0.8485,25.93,0.2144,0.2733,0.3783,0.6335
E14000849,North Shropshire,West Midlands,0.9456,0.541,0.8246,0.3185,0.627,36.61,0.8734,23.23,0.2723,0.2343,0.315,0.6876
E14000850,North Somerset,South West,0.9272,0.5547,0.8409,0.4128,1,32.68,0.9083,24.42,0.3729,0.358,0.2377,0.8116
E14000851,North Swindon,South West,0.9714,0.5526,0.8945,0.3291,0.3311,35.98,0.9279,24.25,0.2487,0.2519,0.1937,0.6985
E14000852,North Thanet,South East,0.9287,0.5702,0.6554,0.4688,1,26.63,0.8731,19.54,0.2969,0.2534,0.3383,0.6363
E14000853,North Tyneside,North East,0.9704,0.51,0.9521,0.4537,0.7261,34.28,0.8935,25.11,0.2708,0.2123,0.2837,0.623
E14000854,North Warwickshire,West Midlands,0.9405,0.4494,0.7812,0.3281,0.8534,38.82,0.8443,25.99,0.2424,0.2393,0.2287,0.7258
E14000855,North West Cambridgeshire,East of England,0.9356,0.4901,0.8174,0.2559,0.806,37,0.8644,24.08,0.2625,0.2866,0.196,0.6474
E14000856,North West Durham,North East,0.9792,0.5271,0.9282,0.4553,0.8825,43.33,0.8578,29.27,0.2792,0.2522,0.356,0.7208
E14000857,North West Hampshire,South East,0.9353,0.5597,0.8779,0.396,0.6031,37.67,0.8393,28.32,0.2292,0.304,0.18,0.6769
E14000858,North West Leicestershire,East Midlands,0.9464,0.4719,0.912,0.3294,0.9559,29.57,0.8586,28.9,0.2483,0.3131,0.223,0.7419
E14000859,North West Norfolk,East of England,0.9497,0.5401,0.811,0.3795,0.3718,33.2,0.8703,25.21,0.2164,0.25,0.3167,0.6253
E14000860,North Wiltshire,South West,0.9529,0.4859,0.7928,0.3689,1,37.62,0.9147,26.53,0.3399,0.3463,0.1717,0.6901
E14000861,Northampton North,East Midlands,0.8733,0.5469,0.6408,0.3184,0.5258,37.52,0.865,22.11,0.2684,0.2414,0.253,0.6112
E14000862,Northampton South,East Midlands,0.8802,0.559,0.7082,0.3962,0.7189,43.2,0.8692,26.57,0.2741,0.261,0.3187,0.6183
E14000863,Norwich North,East of England,0.9728,0.5232,0.9149,0.3741,0.636,36.34,0.8793,22.42,0.238,0.2299,0.2597,0.6237
E14000864,Norwich South,East of England,0.9225,0.5555,0.776,0.3736,0.3323,36.96,0.8696,24.09,0.2399,0.3212,0.2323,0.4488
E14000865,Nottingham East,East Midlands,0.88,0.5413,0.8073,0.4541,0.808,39.45,0.8339,21.38,0.3069,0.2591,0.1987,0.4601
E14000866,Nottingham North,East Midlands,0.87,0.5267,0.6093,0.4057,0.6781,31.78,0.7792,25.67,0.2223,0.1744,0.2547,0.4559
E14000867,Nottingham South,East Midlands,0.8618,0.555,0.6848,0.4497,0.7851,40.58,0.8997,24.27,0.3389,0.2925,0.259,0.5722
E14000868,Nuneaton,West Midlands,0.9499,0.5222,0.5859,0.3047,0.5307,36.68,0.8812,24.4,0.2441,0.2133,0.2947,0.7059
E14000869,Old Bexley and Sidcup,London,0.8889,0.6302,0.9033,0.4101,1,48.02,0.9425,31.13,0.4121,0.2749,0.3047,0.8093
E14000870,Oldham East and Saddleworth,North West,0.914,0.4956,0.8989,0.3462,0.3506,34.92,0.8755,27.32,0.4176,0.2597,0.3477,0.699
E14000871,Oldham West and Royton,North West,0.9221,0.4782,0.8317,0.3718,0.5838,39.04,0.8895,26.7,0.4164,0.2004,0.251,0.6273
E14000872,Orpington,London,0.9405,0.5725,0.6032,0.501,0.8368,52.95,0.8754,33.89,0.3167,0.3206,0.2563,0.7702
E14000873,Oxford East,South East,0.9166,0.5063,0.5563,0.2872,0.6522,39.85,0.8553,20.69,0.3014,0.5088,0.0943,0.4843
E14000874,Oxford West and Abingdon,South East,0.9001,0.4065,0.8626,0.3223,0.8233,36.02,0.8749,31.18,0.2898,0.4479,0.1273,0.6953
E14000875,Pendle,North West,0.9462,0.5292,0.8607,0.3323,0.8057,37.2,0.8707,32.32,0.4071,0.2605,0.287,0.7026
E14000876,Penistone and Stocksbridge,Yorkshire & The Humber,0.969,0.5027,0.979,0.381,0.9058,37.73,0.8601,29.95,0.266,0.3058,0.2313,0.797
E14000877,Penrith and The Border,North West,0.9167,0.463,0.8571,0.3784,0.7212,42.1,0.8696,27.79,0.2729,0.3077,0.2663,0.7374
E14000878,Peterborough,East of England,0.9052,0.5609,0.7063,0.3032,0.8578,36.83,0.8793,24.83,0.2969,0.2003,0.2977,0.598
E14000879,"Plymouth, Moor View",South West,0.967,0.4851,0.75,0.4543,0.5969,34.1,0.9202,21.91,0.223,0.1818,0.1707,0.562
E14000880,"Plymouth, Sutton and Devonport",South West,0.941,0.4939,0.8169,0.4255,0.8823,45.5,0.952,28.87,0.2841,0.2587,0.2653,0.5127
E14000881,Poole,South West,0.9179,0.54,0.7795,0.3587,0.6652,46.2,0.8827,29.79,0.3176,0.3254,0.2267,0.6494
E14000882,Poplar and Limehouse,London,0.8874,0.5931,0.8991,0.5656,0.9349,45.44,0.9184,29.05,0.5739,0.3724,0.0867,0.2059
E14000883,Portsmouth North,South East,0.9341,0.5783,0.7847,0.3518,0.4084,34.12,0.8068,21.82,0.2242,0.2526,0.154,0.6448
E14000884,Portsmouth South,South East,0.8941,0.6043,0.6165,0.3651,0.7461,41.95,0.8256,20,0.2563,0.2701,0.26,0.4645
E14000885,Preston,North West,0.9233,0.5533,0.7677,0.3967,0.9722,38.7,0.8737,29.32,0.3175,0.155,0.2413,0.5832
E14000886,Pudsey,Yorkshire & The Humber,0.9702,0.5235,0.9008,0.3244,0.7723,36.6,0.8183,27.35,0.2885,0.3922,0.245,0.7751
E14000887,Putney,London,0.9591,0.5991,0.9731,0.4215,1,47.7,0.9178,30.82,0.5207,0.4217,0.2633,0.4917
E14000888,Rayleigh and Wickford,East of England,0.9785,0.5917,0.7732,0.4242,0.9323,38.9,0.8974,23.11,0.4169,0.3453,0.303,0.8376
E14000889,Reading East,South East,0.9224,0.5562,0.8081,0.4102,0.8215,41.53,0.9288,23.63,0.2958,0.4265,0.161,0.6725
E14000890,Reading West,South East,0.8491,0.5421,0.7667,0.3714,0.3273,34,0.9423,21.62,0.3048,0.3281,0.1663,0.6258
E14000891,Redcar,North East,0.9524,0.5322,0.9306,0.513,0.4195,37.69,0.8692,25.66,0.3066,0.2143,0.3097,0.6517
E14000892,Redditch,West Midlands,0.9231,0.504,0.9213,0.2526,1,36.7,0.8751,24.11,0.3136,0.3046,0.3,0.6792
E14000893,Reigate,South East,0.9815,0.4941,0.7838,0.4863,1,38.53,0.825,27.74,0.2842,0.3543,0.1383,0.7338
E14000894,Ribble Valley,North West,0.9634,0.5146,0.954,0.4074,0.8222,35.05,0.8404,35.34,0.3335,0.3221,0.2173,0.801
E14000895,Richmond (Yorks),Yorkshire & The Humber,0.9298,0.553,0.8643,0.3266,0.8848,37.03,0.8359,25.57,0.3084,0.2419,0.2947,0.6272
E14000896,Richmond Park,London,0.9335,0.5784,0.9874,0.3888,0.9666,44.85,0.8177,25.89,0.4264,0.5167,0.2367,0.6572
E14000897,Rochdale,North West,0.9009,0.4632,0.7826,0.4019,0.9175,37.43,0.8937,31.39,0.4556,0.2235,0.2663,0.6119
E14000898,Rochester and Strood,South East,0.931,0.5736,0.6035,0.3364,0.9788,47.27,0.8698,29.24,0.2559,0.2989,0.21,0.6925
E14000899,Rochford and Southend East,East of England,0.9399,0.5667,0.8643,0.3772,0.5421,43.24,0.8791,29.67,0.2747,0.3157,0.2737,0.5791
E14000900,Romford,London,0.928,0.6073,0.771,0.4418,0.3035,37.3,0.9061,26.86,0.3886,0.2973,0.3027,0.734
E14000901,Romsey and Southampton North,South East,0.9261,0.6635,0.8338,0.3525,1,37.32,0.8883,28.08,0.3079,0.367,0.1483,0.6983
E14000902,Rossendale and Darwen,North West,0.9307,0.5633,0.7706,0.3889,0.6393,38.06,0.8207,26.66,0.3071,0.3413,0.369,0.7325
E14000903,Rother Valley,Yorkshire & The Humber,0.9634,0.5755,0.8223,0.3907,0.9396,36.72,0.8565,27.26,0.2487,0.3012,0.2753,0.7325
E14000904,Rotherham,Yorkshire & The Humber,0.9566,0.5565,0.6907,0.4041,0.7019,38.68,0.8504,27.54,0.2713,0.1656,0.282,0.5972
E14000905,Rugby,West Midlands,0.8828,0.5564,0.8134,0.3901,0.658,38.55,0.8411,30.33,0.2934,0.3256,0.2343,0.6957
E14000906,"Ruislip, Northwood and Pinner",London,0.9698,0.4832,0.9342,0.4462,0.8278,41.39,0.9089,26.15,0.4483,0.4851,0.2493,0.7218
E14000907,Runnymede and Weybridge,South East,0.9599,0.5146,0.7977,0.3871,1,44.94,0.8853,26.39,0.3753,0.3287,0.111,0.7096
E14000908,Rushcliffe,East Midlands,0.9559,0.4311,0.9598,0.3629,1,41.14,0.882,30.73,0.4235,0.4508,0.1843,0.8097
E14000909,Rutland and Melton,East Midlands,0.9441,0.5034,0.7266,0.3203,0.7168,43.22,0.8742,32.63,0.2849,0.2727,0.3387,0.7343
E14000910,Saffron Walden,East of England,0.9522,0.5323,0.9059,0.3846,0.7644,40.32,0.8276,25.66,0.3427,0.3444,0.1967,0.7508
E14000911,Salford and Eccles,North West,0.8695,0.5557,0.8618,0.4539,0.6232,35.44,0.8398,17.3,0.3537,0.2688,0.1617,0.5271
E14000912,Salisbury,South West,0.9139,0.4961,0.8484,0.2636,0.7839,32.9,0.8829,23.71,0.1988,0.368,0.233,0.6217
E14000913,Scarborough and Whitby,Yorkshire & The Humber,0.9488,0.4958,0.7829,0.2085,0.3145,34.06,0.8446,29.31,0.3124,0.274,0.3413,0.6329
E14000914,Scunthorpe,Yorkshire & The Humber,0.9681,0.604,0.7013,0.3162,0.7288,37.73,0.8295,19.39,0.2344,0.2016,0.2927,0.626
E14000915,Sedgefield,North East,0.9762,0.5656,0.9127,0.4615,0.7842,41.43,0.8238,30.31,0.2785,0.3041,0.2277,0.6868
E14000916,Sefton Central,North West,0.9508,0.4786,0.9433,0.5476,0.6896,39.25,0.8975,24.59,0.4008,0.3574,0.3173,0.8685
E14000917,Selby and Ainsty,Yorkshire & The Humber,0.9675,0.4909,0.8687,0.3585,0.7929,38.18,0.906,28.34,0.2313,0.3061,0.278,0.7627
E14000918,Sevenoaks,South East,0.9696,0.5953,0.857,0.5299,0.653,35.55,0.8026,26,0.3314,0.4002,0.219,0.7421
E14000919,Sheffield Central,Yorkshire & The Humber,0.9161,0.506,0.8478,0.3918,0.9807,34.73,0.9118,20.57,0.3919,0.346,0.1893,0.6
E14000920,Sheffield South East,Yorkshire & The Humber,0.8909,0.5694,0.6828,0.2994,0.3508,34,0.8423,27.84,0.3818,0.1829,0.2857,0.6859
E14000921,"Sheffield, Brightside and Hillsborough",Yorkshire & The Humber,0.8938,0.5415,0.576,0.3833,0.7537,32.25,0.833,21.33,0.3177,0.2011,0.229,0.4816
E14000922,"Sheffield, Hallam",Yorkshire & The Humber,0.9137,0.5724,0.8527,0.408,0.8036,38.73,0.9172,24.99,0.4372,0.4952,0.1765,0.7425
E14000923,"Sheffield, Heeley",Yorkshire & The Humber,0.9069,0.5369,0.5573,0.3593,0.5121,39.58,0.908,23.57,0.293,0.3161,0.343,0.6014
E14000924,Sherwood,East Midlands,0.9279,0.4504,0.6951,0.3473,0.9304,35.82,0.8993,26.94,0.2042,0.2193,0.333,0.7179
E14000925,Shipley,Yorkshire & The Humber,0.8855,0.5745,0.5821,0.4048,0.6262,37.38,0.8587,21.23,0.3638,0.2983,0.2027,0.7687
E14000926,Shrewsbury and Atcham,West Midlands,0.971,0.4485,0.8442,0.2956,0.8245,37.58,0.8648,25.92,0.2467,0.2968,0.2703,0.6914
E14000927,Sittingbourne and Sheppey,South East,0.954,0.5915,0.7585,0.4289,0.5719,43.68,0.8878,25.87,0.2493,0.1825,0.246,0.6485
E14000928,Skipton and Ripon,Yorkshire & The Humber,0.9386,0.4774,0.7525,0.2471,0.8425,38.2,0.8993,26.68,0.3748,0.384,0.2377,0.7072
E14000929,Sleaford and North Hykeham,East Midlands,0.9746,0.5537,0.9267,0.44,0.9179,38.7,0.9174,29.51,0.3665,0.302,0.3067,0.7444
E14000930,Slough,South East,0.8684,0.5732,0.744,0.4393,0.8424,49.98,0.9345,28.38,0.4647,0.2638,0.1533,0.548
E14000931,Solihull,West Midlands,0.9668,0.5296,0.944,0.3388,0.764,41.41,0.9025,24.49,0.4625,0.3967,0.1637,0.8194
E14000932,Somerton and Frome,South West,0.9229,0.425,0.8588,0.3413,0.8212,37.08,0.901,29.44,0.2541,0.3621,0.282,0.7032
E14000933,South Basildon and East Thurrock,East of England,0.8894,0.5814,0.857,0.3649,0.6695,38.48,0.857,15.83,0.2599,0.2173,0.2273,0.6554
E14000934,South Cambridgeshire,East of England,0.9247,0.4463,0.8034,0.3003,0.8053,40.64,0.9365,28.87,0.2783,0.4507,0.099,0.7433
E14000935,South Derbyshire,East Midlands,0.8999,0.4748,0.8191,0.3439,0.1317,35.03,0.8999,25.94,0.2378,0.3086,0.2573,0.7564
E14000936,South Dorset,South West,0.8685,0.4631,0.7548,0.276,0.3514,30.25,0.8851,18.98,0.3124,0.265,0.386,0.6058
E14000937,South East Cambridgeshire,East of England,0.9297,0.4214,0.7918,0.2628,0.7248,36.02,0.8444,29.58,0.2691,0.4404,0.1523,0.7082
E14000938,South East Cornwall,South West,0.9585,0.513,0.6768,0.3654,0.8446,34.08,0.8925,23.06,0.2941,0.2604,0.38,0.6737
E14000939,South Holland and The Deepings,East Midlands,0.9511,0.6008,0.7557,0.3619,0.6276,41.66,0.9272,31.45,0.348,0.2256,0.303,0.7002
E14000940,South Leicestershire,East Midlands,0.9379,0.4291,0.8818,0.3357,0.6683,36.22,0.9209,32,0.2938,0.2545,0.1763,0.8267
E14000941,South Norfolk,East of England,0.9074,0.5108,0.8219,0.3131,0.9712,40.77,0.8793,28.42,0.3243,0.3876,0.2463,0.7429
E14000942,South Northamptonshire,East Midlands,0.944,0.5157,0.8729,0.3106,0.7143,33.69,0.9224,25.2,0.3622,0.346,0.1813,0.7975
E14000943,South Ribble,North West,0.9375,0.4864,0.8637,0.2807,0.6774,39.65,0.8707,30.31,0.361,0.2793,0.3883,0.7954
E14000944,South Shields,North East,1,0.5526,0.9783,0.4835,0.7544,36.55,0.8734,26.42,0.2896,0.2195,0.2803,0.5733
E14000945,South Staffordshire,West Midlands,0.9206,0.6098,0.8886,0.3136,0.4248,35.64,0.8827,25.15,0.3768,0.327,0.257,0.774
E14000946,South Suffolk,East of England,0.9312,0.5638,0.6666,0.3429,0.8085,38.65,0.8701,23.55,0.2561,0.3039,0.3297,0.6886
E14000947,South Swindon,South West,0.9189,0.5411,0.9485,0.3136,0.7123,37.44,0.9216,25.25,0.2572,0.2966,0.168,0.6346
E14000948,South Thanet,South East,0.9026,0.5921,0.625,0.4277,0.871,42.53,0.8608,27.03,0.2809,0.2898,0.344,0.5875
E14000949,South West Bedfordshire,East of England,0.9114,0.4847,0.7929,0.2922,0.5596,35.83,0.8628,24.32,0.2685,0.2856,0.2837,0.6934
E14000950,South West Devon,South West,0.9448,0.5852,0.8027,0.4579,0.8609,40.56,0.9139,25.06,0.344,0.3252,0.2737,0.7648
E14000951,South West Hertfordshire,East of England,0.9323,0.4123,0.9534,0.4234,1,43.62,0.9259,32.95,0.4494,0.45,0.139,0.7672
E14000952,South West Norfolk,East of England,0.9243,0.5573,0.5773,0.3171,0.5503,35.68,0.8803,18.44,0.2923,0.2044,0.3257,0.6411
E14000953,South West Surrey,South East,0.9412,0.4832,0.7522,0.4211,0.9219,37.4,0.8778,29.7,0.3594,0.4535,0.1813,0.7563
E14000954,South West Wiltshire,South West,0.9188,0.4638,0.8197,0.336,1,37.2,0.836,24.9,0.2563,0.3094,0.2573,0.6371
E14000955,"Southampton, Itchen",South East,0.9393,0.5974,0.7476,0.4758,0.5438,35.48,0.8561,27.41,0.2798,0.2298,0.232,0.5523
E14000956,"Southampton, Test",South East,0.9212,0.521,0.7866,0.4144,0.6903,38.34,0.8513,25.16,0.2585,0.2899,0.136,0.4962
E14000957,Southend West,East of England,0.9195,0.6013,0.7728,0.4192,0.7257,53.53,0.8974,30.61,0.3529,0.3273,0.2273,0.7386
E14000958,Southport,North West,0.9655,0.5612,0.9258,0.4214,0.6055,39.92,0.9149,24.47,0.425,0.3153,0.3523,0.7331
E14000959,Spelthorne,South East,0.93,0.5079,0.7806,0.3744,0.7724,42.82,0.86,22.86,0.3287,0.3281,0.141,0.7231
E14000960,St Albans,East of England,0.9661,0.4612,0.8756,0.375,0.8942,42.87,0.9014,30.44,0.4076,0.4519,0.229,0.7423
E14000961,St Austell and Newquay,South West,0.973,0.5526,0.7812,0.4103,0.4841,35.27,0.8499,27.93,0.3187,0.2292,0.341,0.6475
E14000962,St Helens North,North West,0.9516,0.4812,0.8738,0.3842,0.8981,35.57,0.8697,26.23,0.2732,0.2777,0.2643,0.6637
E14000963,St Helens South and Whiston,North West,0.9231,0.5054,0.9343,0.3899,0.1716,35.55,0.8435,23.43,0.2725,0.2362,0.2743,0.6793
E14000964,St Ives,South West,0.9546,0.4262,0.8174,0.3911,0.8595,37.1,0.8597,30.05,0.4111,0.2646,0.3683,0.618
E14000965,Stafford,West Midlands,0.9653,0.5538,0.4517,0.3046,0.5568,37.67,0.9128,21.63,0.26,0.2893,0.221,0.7139
E14000966,Staffordshire Moorlands,West Midlands,0.9566,0.5742,0.863,0.2917,0.8633,37.14,0.897,22.97,0.4265,0.2272,0.3737,0.7882
E14000967,Stalybridge and Hyde,North West,0.962,0.4501,0.8701,0.4235,0.6169,38.01,0.8685,29.82,0.3465,0.2739,0.3167,0.6584
E14000968,Stevenage,East of England,0.8935,0.532,0.9213,0.4396,0.542,33.41,0.8911,26.23,0.3178,0.3349,0.1907,0.5872
E14000969,Stockport,North West,0.9605,0.4871,0.9585,0.3797,0.8096,41.23,0.8383,24.63,0.3095,0.2954,0.2413,0.6546
E14000970,Stockton North,North East,0.9804,0.4793,0.7478,0.3293,0.4316,39.07,0.7964,28.19,0.2235,0.2537,0.2207,0.6483
E14000971,Stockton South,North East,0.968,0.4858,0.9589,0.3625,0.4647,39.1,0.8564,28.79,0.2907,0.3472,0.226,0.7354
E14000972,Stoke-on-Trent Central,West Midlands,0.9305,0.5239,0.7802,0.3496,0.1369,36.4,0.8642,28.13,0.251,0.2406,0.1953,0.5932
E14000973,Stoke-on-Trent North,West Midlands,0.9583,0.5482,0.841,0.3539,0.7601,35.56,0.9095,18.59,0.2616,0.1509,0.3613,0.6179
E14000974,Stoke-on-Trent South,West Midlands,0.9364,0.5886,0.77,0.3543,0.4141,37.82,0.8898,30.94,0.244,0.2036,0.3013,0.6554
E14000975,Stone,West Midlands,0.8966,0.4824,0.9363,0.2188,0.6373,40.88,0.9079,30.65,0.3461,0.3906,0.3217,0.798
E14000976,Stourbridge,West Midlands,0.9311,0.4795,0.7682,0.3515,0.6432,34.83,0.9023,26.85,0.3571,0.2588,0.3543,0.7253
E14000977,Stratford-on-Avon,West Midlands,0.9847,0.5551,0.8137,0.3962,0.9186,42.43,0.941,29.65,0.3417,0.3768,0.2967,0.7227
E14000978,Streatham,London,0.9067,0.558,0.9069,0.4885,0.9121,45.9,0.8967,31.05,0.5279,0.3285,0.2187,0.3835
E14000979,Stretford and Urmston,North West,0.908,0.4948,0.8924,0.4211,0.6976,39.93,0.8499,30.69,0.382,0.308,0.2613,0.6727
E14000980,Stroud,South West,0.9764,0.5494,0.9101,0.3769,0.8688,38.42,0.8681,24.84,0.3146,0.2774,0.1837,0.7393
E14000981,Suffolk Coastal,East of England,0.8206,0.4975,0.8935,0.3295,0.5051,37.13,0.7899,21.35,0.2896,0.2661,0.2137,0.6476
E14000982,Sunderland Central,North East,0.9006,0.5067,0.98,0.4784,0.6175,38.9,0.8801,25.15,0.2688,0.2205,0.2563,0.662
E14000983,Surrey Heath,South East,0.9373,0.5515,0.9057,0.3695,0.9467,38.18,0.9064,27.98,0.3503,0.3937,0.146,0.7593
E14000984,Sutton and Cheam,London,0.914,0.5018,0.945,0.4774,0.9388,47.64,0.9194,29.79,0.4331,0.371,0.413,0.7254
E14000985,Sutton Coldfield,West Midlands,0.9426,0.5928,0.936,0.4053,0.5367,50.63,0.8903,30.61,0.4275,0.3633,0.3327,0.8225
E14000986,Tamworth,West Midlands,0.9558,0.5452,0.6661,0.3438,0.3452,34,0.9114,19.33,0.2618,0.3,0.338,0.6964
E14000987,Tatton,North West,0.924,0.4945,0.9959,0.3542,0.7056,36.63,0.8847,32.61,0.324,0.4076,0.2113,0.7605
E14000988,Taunton Deane,South West,0.8966,0.5009,0.8046,0.3544,0.6333,37.38,0.8867,28.96,0.33,0.2692,0.24,0.6527
E14000989,Telford,West Midlands,0.9249,0.5383,0.8739,0.4532,0.5552,39.3,0.8104,30.76,0.2627,0.2378,0.242,0.5565
E14000990,Tewkesbury,South West,0.9429,0.4515,0.9622,0.3885,0.7007,32.22,0.8379,24.72,0.2845,0.33,0.182,0.7316
E14000991,The Cotswolds,South West,0.9186,0.5056,0.9256,0.4231,0.9425,36.71,0.9119,31.96,0.3183,0.3928,0.1987,0.6584
E14000992,The Wrekin,West Midlands,0.9621,0.5201,0.9224,0.4018,0.6163,37.9,0.8976,22.72,0.3343,0.2623,0.3053,0.66
E14000993,Thirsk and Malton,Yorkshire & The Humber,0.9754,0.4341,0.9073,0.3061,0.7355,41,0.9216,20.11,0.3575,0.2523,0.3213,0.659
E14000994,Thornbury and Yate,South West,0.9528,0.5673,0.9166,0.354,0.2751,32.54,0.8993,26.24,0.2707,0.3193,0.202,0.784
E14000995,Thurrock,East of England,0.9202,0.6092,0.8154,0.3819,0.8255,39.27,0.9048,26.94,0.3385,0.2364,0.221,0.6206
E14000996,Tiverton and Honiton,South West,0.897,0.4922,0.6951,0.3503,0.9453,39.4,0.9016,28.04,0.3001,0.2879,0.2787,0.6646
E14000997,Tonbridge and Malling,South East,0.9622,0.5701,0.7822,0.2348,1,43.76,0.8628,24.02,0.2604,0.3384,0.251,0.7072
E14000998,Tooting,London,0.9307,0.6204,0.9253,0.4708,1,42.5,0.9161,29.46,0.578,0.4765,0.175,0.5433
E14000999,Torbay,South West,0.9228,0.559,0.9248,0.3562,0.6509,46.47,0.8701,24.1,0.3275,0.2315,0.3207,0.6296
E14001000,Torridge and West Devon,South West,0.9193,0.4987,0.9074,0.3333,0.6738,37.83,0.8556,25.7,0.2705,0.3371,0.3597,0.695
E14001001,Totnes,South West,0.903,0.5608,0.6713,0.3555,0.806,40.49,0.8827,26.38,0.3431,0.2901,0.325,0.6457
E14001002,Tottenham,London,0.8426,0.6755,0.8853,0.4217,0.9764,40.87,0.8793,23.62,0.576,0.2737,0.2923,0.2893
E14001003,Truro and Falmouth,South West,0.9915,0.5339,0.7246,0.2958,0.8572,41.16,0.8947,26.61,0.3547,0.3213,0.2447,0.6508
E14001004,Tunbridge Wells,South East,0.954,0.5347,0.841,0.4247,1,47.1,0.845,27.79,0.2064,0.3705,0.1737,0.6939
E14001005,Twickenham,London,0.9541,0.5131,0.8568,0.3725,0.7021,41.08,0.8785,25.37,0.5335,0.4647,0.202,0.7212
E14001006,Tynemouth,North East,0.9344,0.4795,1,0.3736,0.7147,38.3,0.9023,29.25,0.3366,0.316,0.1683,0.7242
E14001007,Uxbridge and South Ruislip,London,0.9093,0.5624,0.8758,0.4726,0.6125,41.34,0.8866,25.18,0.4254,0.3403,0.1853,0.6549
E14001008,Vauxhall,London,0.9448,0.5832,0.932,0.5518,0.9473,39.67,0.8941,29.41,0.5805,0.4433,0.1803,0.22
E14001009,Wakefield,Yorkshire & The Humber,0.9386,0.5604,0.8333,0.4,0.7211,41.4,0.7966,20.49,0.2758,0.2406,0.2173,0.6366
E14001010,Wallasey,North West,0.9265,0.5299,0.8962,0.3497,0.5328,36.2,0.9222,24.65,0.3004,0.2687,0.3137,0.6432
E14001011,Walsall North,West Midlands,0.85,0.547,0.6357,0.3322,0.1607,35.1,0.8534,21.92,0.2216,0.1889,0.2983,0.5537
E14001012,Walsall South,West Midlands,0.8439,0.5234,0.6766,0.3732,0.6626,43.93,0.8944,28.21,0.3397,0.2446,0.2937,0.6064
E14001013,Walthamstow,London,0.903,0.6117,0.9217,0.4809,0.9247,42.96,0.9293,27.56,0.5877,0.3208,0.3783,0.4331
E14001014,Wansbeck,North East,0.8071,0.4988,0.8332,0.4252,0.1441,34.5,0.8425,25.35,0.2402,0.2677,0.301,0.6429
E14001015,Wantage,South East,0.8799,0.4421,0.7929,0.2346,0.9759,33.43,0.8573,31.18,0.2364,0.4234,0.131,0.6971
E14001016,Warley,West Midlands,0.8971,0.5048,0.8897,0.3975,0.6408,40.47,0.8874,24.9,0.392,0.2446,0.2583,0.5848
E14001017,Warrington North,North West,0.9276,0.5032,0.9299,0.4189,0.3525,35.46,0.8848,29.85,0.262,0.2666,0.238,0.6735
E14001018,Warrington South,North West,0.9187,0.5211,0.9662,0.5139,0.5176,35.8,0.9171,28.04,0.3416,0.3781,0.2267,0.7862
E14001019,Warwick and Leamington,West Midlands,0.9348,0.5011,0.8018,0.3931,0.8244,37.7,0.8982,27.35,0.2763,0.3959,0.1593,0.6804
E14001020,Washington and Sunderland West,North East,1,0.5168,0.9446,0.4771,0.4767,35.84,0.8445,24.58,0.2824,0.1447,0.2387,0.59
E14001021,Watford,East of England,0.9496,0.4454,0.9349,0.3899,0.9819,41.16,0.9041,30.01,0.3919,0.3382,0.156,0.6457
E14001022,Waveney,East of England,0.912,0.5728,0.4635,0.3383,0.5093,37,0.8676,28.58,0.2318,0.2087,0.35,0.656
E14001023,Wealden,South East,0.9612,0.5909,0.7301,0.3247,1,41.35,0.8951,29.05,0.2489,0.2946,0.283,0.7563
E14001024,Weaver Vale,North West,0.8915,0.4618,0.8403,0.3404,0.8456,37.88,0.8641,23.26,0.3381,0.3104,0.2163,0.7369
E14001025,Wellingborough,East Midlands,0.9478,0.5058,0.4592,0.3021,0.5003,36.43,0.8504,27.45,0.2108,0.2178,0.2613,0.6731
E14001026,Wells,South West,0.9125,0.5569,0.7665,0.3657,0.821,36.77,0.8924,28.25,0.3799,0.3253,0.393,0.727
E14001027,Welwyn Hatfield,East of England,0.9542,0.5276,0.8915,0.3682,0.7222,34.77,0.9187,26.45,0.2996,0.3446,0.171,0.6044
E14001028,Wentworth and Dearne,Yorkshire & The Humber,0.9069,0.5158,0.6702,0.425,0.4643,36.03,0.8461,25.27,0.2399,0.2289,0.3297,0.6593
E14001029,West Bromwich East,West Midlands,0.8686,0.5328,0.7521,0.3197,0.6336,35.6,0.8951,23.77,0.3342,0.1731,0.2783,0.6023
E14001030,West Bromwich West,West Midlands,0.9189,0.5119,0.8751,0.4186,0.4831,39.1,0.8871,24.67,0.3246,0.1845,0.2493,0.5692
E14001031,West Dorset,South West,0.9102,0.4742,0.7543,0.2761,0.9708,36.69,0.9455,29.85,0.3193,0.3614,0.1893,0.6453
E14001032,West Ham,London,0.8267,0.6908,0.9101,0.5802,0.7457,45.59,0.9027,29.5,0.5673,0.2685,0.3327,0.3234
E14001033,West Lancashire,North West,0.945,0.4977,0.9564,0.4568,0.6049,37.48,0.8697,30.6,0.3235,0.2568,0.2033,0.7277
E14001034,West Suffolk,East of England,0.9731,0.5027,0.7547,0.3402,0.6885,37.02,0.8752,23.18,0.2838,0.2639,0.3137,0.5799
E14001035,West Worcestershire,West Midlands,0.9376,0.5172,0.8729,0.3047,0.8754,36.25,0.8885,25.38,0.2618,0.3481,0.277,0.7025
E14001036,Westminster North,London,0.8815,0.5769,0.918,0.5306,0.844,49.1,0.9318,30.53,0.6217,0.411,0.2003,0.2596
E14001037,Westmorland and Lonsdale,North West,0.9362,0.5332,0.8789,0.2927,0.7622,43.16,0.9294,30.4,0.3114,0.2565,0.288,0.7092
E14001038,Weston-super-Mare,South West,0.8823,0.5133,0.8642,0.3951,0.8019,34.35,0.8781,22.6,0.4025,0.2726,0.2757,0.6524
E14001039,Wigan,North West,0.9482,0.4631,0.8815,0.4568,0.5184,37.67,0.8833,26.72,0.2974,0.2376,0.2727,0.642
E14001040,Wimbledon,London,0.9103,0.6088,0.9272,0.4325,1,44.82,0.9033,27.34,0.49,0.5368,0.295,0.7228
E14001041,Winchester,South East,0.9603,0.3983,0.9575,0.3419,1,40.87,0.8905,30.06,0.3635,0.4444,0.143,0.7193
E14001042,Windsor,South East,0.918,0.5299,0.8657,0.3528,0.8217,40.8,0.8715,23.39,0.4757,0.3848,0.157,0.6998
E14001043,Wirral South,North West,0.9156,0.5206,0.8132,0.3301,0.5196,49.68,0.8935,28.19,0.3918,0.3926,0.306,0.7715
E14001044,Wirral West,North West,0.9056,0.5425,0.8762,0.2614,0.93,49.2,0.8825,28.1,0.3696,0.4342,0.2695,0.7985
E14001045,Witham,East of England,0.9348,0.4854,0.7191,0.4924,0.9607,35.22,0.8793,18.81,0.2524,0.2607,0.2773,0.7232
E14001046,Witney,South East,0.9133,0.5416,0.802,0.2687,0.9497,35.93,0.9384,30.26,0.3066,0.3538,0.1893,0.6959
E14001047,Woking,South East,0.8813,0.5344,0.8408,0.3622,0.9345,40.33,0.872,26.5,0.3658,0.3912,0.1793,0.7065
E14001048,Wokingham,South East,0.961,0.5504,0.7842,0.3994,0.858,41.19,0.874,22.4,0.2479,0.4257,0.1583,0.7815
E14001049,Wolverhampton North East,West Midlands,0.7872,0.5371,0.9173,0.5111,0.6298,37.53,0.8682,22.12,0.3326,0.1513,0.2273,0.5308
E14001050,Wolverhampton South East,West Midlands,0.9375,0.5154,0.6183,0.4044,0.6444,37.65,0.8329,22.89,0.2844,0.1529,0.329,0.5475
E14001051,Wolverhampton South West,West Midlands,0.8829,0.5131,0.7146,0.3942,0.7971,39.88,0.9215,25.7,0.3994,0.2853,0.314,0.6762
E14001052,Worcester,West Midlands,0.9376,0.4914,0.7736,0.3745,0.7313,38.56,0.9035,19.73,0.2366,0.3231,0.252,0.6744
E14001053,Workington,North West,0.9536,0.3658,0.8843,0.2975,0.3808,34,0.857,18.52,0.2461,0.2452,0.3187,0.6801
E14001054,Worsley and Eccles South,North West,0.926,0.5568,0.8835,0.46,0.7013,37.7,0.8158,30.29,0.325,0.2142,0.2743,0.6002
E14001055,Worthing West,South East,0.9449,0.4929,0.736,0.2646,1,31.3,0.8353,32.25,0.2806,0.2608,0.228,0.7013
E14001056,Wycombe,South East,0.9224,0.4459,0.9503,0.3846,0.7789,45.73,0.8782,27.47,0.3588,0.3325,0.1863,0.6888
E14001057,Wyre and Preston North,North West,0.918,0.6435,0.9475,0.2593,0.4792,38.69,0.8004,10.29,0.4761,0.3577,0.2317,0.8533
E14001058,Wyre Forest,West Midlands,0.965,0.4657,0.7038,0.3114,0.7538,34.1,0.9277,21.91,0.2617,0.3266,0.3643,0.7024
E14001059,Wythenshawe and Sale East,North West,0.9511,0.5468,0.938,0.4475,0.5695,40.83,0.8435,32.93,0.3132,0.2621,0.1923,0.5266
E14001060,Yeovil,South West,0.9157,0.5489,0.8473,0.3286,0.9401,35.2,0.7837,22.76,0.2549,0.2222,0.241,0.6583
E14001061,York Central,Yorkshire & The Humber,0.9371,0.4917,0.9025,0.2664,0.9124,35.1,0.9125,31.21,0.2523,0.3072,0.2307,0.6157
E14001062,York Outer,Yorkshire & The Humber,0.9368,0.4797,0.7924,0.2258,0.8344,39.32,0.9061,26.24,0.3559,0.3672,0.2283,0.8061