pcon-code,pcon-nm,Name,Speed,Superfast,UnableDecent,Under2,Under10,Over30
W07000049,Aberavon,Aberavon,64.8,0.98052,0.00473,0.01690,0.15360,0.66850
W07000058,Aberconwy,Aberconwy,29.6,0.91971,0.04104,0.03240,0.28340,0.41460
S14000001,Aberdeen North,Aberdeen North,29.3,0.95091,0.01491,0.00850,0.18800,0.41200
S14000002,Aberdeen South,Aberdeen South,29.4,0.93305,0.00469,0.01290,0.21890,0.42670
S14000003,Airdrie and Shotts,Airdrie and Shotts,59.8,0.97373,0.00825,0.01900,0.17830,0.61280
E14000530,Aldershot,Aldershot,70.6,0.97837,0.01342,0.01370,0.13680,0.71160
E14000531,Aldridge-Brownhills,Aldridge-Brownhills,50,0.99327,0.00189,0.00810,0.17910,0.55750
E14000532,Altrincham and Sale West,Altrincham and Sale West,54.8,0.96897,0.01122,0.01050,0.15900,0.64270
W07000043,Alyn and Deeside,Alyn and Deeside,30.8,0.93793,0.01861,0.02680,0.27120,0.50100
E14000533,Amber Valley,Amber Valley,28.5,0.94329,0.01201,0.01580,0.23830,0.42910
S14000004,Angus,Angus,26.8,0.86180,0.07981,0.02830,0.25310,0.36520
W07000057,Arfon,Arfon,29.3,0.92222,0.02762,0.03590,0.24620,0.43250
S14000005,Argyll and Bute,Argyll and Bute,26.7,0.79329,0.11830,0.03930,0.33420,0.34850
E14000534,Arundel and South Downs,Arundel and South Downs,31.4,0.89103,0.03632,0.02130,0.21690,0.44990
E14000535,Ashfield,Ashfield,65.8,0.98675,0.00561,0.01340,0.16150,0.68610
E14000536,Ashford,Ashford,46.7,0.90831,0.03700,0.03300,0.22370,0.57390
E14000537,Ashton-under-Lyne,Ashton-under-Lyne,44.3,0.99426,0.00093,0.00940,0.21900,0.55480
E14000538,Aylesbury,Aylesbury,51.3,0.95788,0.01350,0.01280,0.17810,0.61360
S14000006,"Ayr, Carrick and Cumnock","Ayr, Carrick and Cumnock",35.3,0.93851,0.03190,0.02090,0.22460,0.44680
E14000539,Banbury,Banbury,40.5,0.94355,0.01323,0.01800,0.19850,0.57030
S14000007,Banff and Buchan,Banff and Buchan,28.3,0.83328,0.10246,0.04140,0.27040,0.40250
E14000540,Barking,Barking,57.5,0.99311,0.00544,0.01150,0.19130,0.62740
E14000541,Barnsley Central,Barnsley Central,51.9,0.98645,0.00754,0.00980,0.17740,0.58650
E14000542,Barnsley East,Barnsley East,39.6,0.98273,0.00420,0.02290,0.23310,0.52720
E14000543,Barrow and Furness,Barrow and Furness,32.2,0.97100,0.00925,0.01940,0.18980,0.49130
E14000544,Basildon and Billericay,Basildon and Billericay,49.8,0.94924,0.01988,0.01410,0.20990,0.54980
E14000545,Basingstoke,Basingstoke,55.4,0.98784,0.00559,0.02440,0.19540,0.68860
E14000546,Bassetlaw,Bassetlaw,33.7,0.95381,0.00994,0.03960,0.23710,0.50760
E14000547,Bath,Bath,45.1,0.96799,0.00717,0.01100,0.18990,0.55230
E14000548,Batley and Spen,Batley and Spen,40.6,0.97408,0.00745,0.01210,0.21870,0.48460
E14000549,Battersea,Battersea,50.3,0.97749,0.00242,0.00500,0.13250,0.55280
E14000550,Beaconsfield,Beaconsfield,38.3,0.91563,0.02330,0.01580,0.19000,0.50620
E14000551,Beckenham,Beckenham,62.8,0.99492,0.00050,0.00700,0.11310,0.65530
E14000552,Bedford,Bedford,66.5,0.99274,0.00356,0.01100,0.13180,0.69030
N06000001,Belfast East,Belfast East,63.2,0.98103,0.01229,0.00760,0.12180,0.65300
N06000002,Belfast North,Belfast North,62.9,0.98908,0.00827,0.00650,0.13290,0.64490
N06000003,Belfast South,Belfast South,63.4,0.99157,0.00346,0.00900,0.11130,0.68620
N06000004,Belfast West,Belfast West,68.1,0.99311,0.00242,0.01900,0.16550,0.76180
E14000553,Bermondsey and Old Southwark,Bermondsey and Old Southwark,35.9,0.89519,0.01341,0.01360,0.21410,0.37180
S14000008,"Berwickshire, Roxburgh and Selkirk","Berwickshire, Roxburgh and Selkirk",27.8,0.84652,0.09486,0.03530,0.27480,0.37760
E14000554,Berwick-upon-Tweed,Berwick-upon-Tweed,29.6,0.87712,0.06252,0.03830,0.24890,0.42150
E14000555,Bethnal Green and Bow,Bethnal Green and Bow,32.3,0.87479,0.00559,0.00630,0.21540,0.36540
E14000556,Beverley and Holderness,Beverley and Holderness,57.8,0.94862,0.02567,0.01710,0.16060,0.52090
E14000557,Bexhill and Battle,Bexhill and Battle,30.1,0.93153,0.01234,0.01830,0.20960,0.43300
E14000558,Bexleyheath and Crayford,Bexleyheath and Crayford,56.7,0.97319,0.02580,0.00980,0.20800,0.55710
E14000559,Birkenhead,Birkenhead,56,0.99616,0.00034,0.00710,0.12280,0.57960
E14000560,"Birmingham, Edgbaston","Birmingham, Edgbaston",61.2,0.97536,0.01978,0.01050,0.14420,0.61720
E14000561,"Birmingham, Erdington","Birmingham, Erdington",62.7,0.97142,0.02407,0.01640,0.21280,0.66310
E14000562,"Birmingham, Hall Green","Birmingham, Hall Green",58.1,0.98508,0.00531,0.00680,0.12750,0.61270
E14000563,"Birmingham, Hodge Hill","Birmingham, Hodge Hill",60.6,0.99840,0.00512,0.01730,0.25660,0.67330
E14000564,"Birmingham, Ladywood","Birmingham, Ladywood",39.4,0.86133,0.02267,0.00650,0.14440,0.37750
E14000565,"Birmingham, Northfield","Birmingham, Northfield",65.8,0.98228,0.02169,0.01200,0.22940,0.63490
E14000566,"Birmingham, Perry Barr","Birmingham, Perry Barr",61,0.99212,0.00550,0.01120,0.20310,0.63070
E14000567,"Birmingham, Selly Oak","Birmingham, Selly Oak",66.2,0.98380,0.01451,0.00600,0.14860,0.62880
E14000568,"Birmingham, Yardley","Birmingham, Yardley",62.4,0.99449,0.00739,0.00660,0.16370,0.63670
E14000569,Bishop Auckland,Bishop Auckland,29,0.90143,0.04792,0.02870,0.24320,0.43340
E14000570,Blackburn,Blackburn,52.9,0.99027,0.00182,0.01080,0.21500,0.62070
E14000571,Blackley and Broughton,Blackley and Broughton,41.4,0.96459,0.02618,0.02110,0.24430,0.52780
E14000572,Blackpool North and Cleveleys,Blackpool North and Cleveleys,45.2,0.99356,0.00176,0.00940,0.17060,0.54390
E14000573,Blackpool South,Blackpool South,55.1,0.99197,0.00000,0.00840,0.13410,0.56960
W07000072,Blaenau Gwent,Blaenau Gwent,28.9,0.97328,0.00618,0.01560,0.20180,0.43230
E14000574,Blaydon,Blaydon,41.9,0.93927,0.02269,0.01650,0.23930,0.44470
E14000575,Blyth Valley,Blyth Valley,30.5,0.98737,0.00114,0.01770,0.24460,0.50960
E14000576,Bognor Regis and Littlehampton,Bognor Regis and Littlehampton,30.2,0.97368,0.00160,0.01400,0.21550,0.46090
E14000577,Bolsover,Bolsover,36.5,0.92617,0.01591,0.02250,0.21260,0.47080
E14000578,Bolton North East,Bolton North East,59.8,0.99357,0.00300,0.01360,0.18290,0.65110
E14000579,Bolton South East,Bolton South East,55.9,0.98937,0.00089,0.00940,0.18300,0.61440
E14000580,Bolton West,Bolton West,58.9,0.98498,0.00539,0.00860,0.14160,0.61640
E14000581,Bootle,Bootle,68.5,0.99709,0.00253,0.00850,0.14510,0.69010
E14000582,Boston and Skegness,Boston and Skegness,29.3,0.89830,0.04339,0.03460,0.26740,0.43660
E14000583,Bosworth,Bosworth,51.3,0.95643,0.01826,0.01740,0.17460,0.59820
E14000584,Bournemouth East,Bournemouth East,61.1,0.99876,0.00033,0.00760,0.12630,0.66540
E14000585,Bournemouth West,Bournemouth West,58.9,0.99603,0.00075,0.00790,0.14150,0.62580
E14000586,Bracknell,Bracknell,55.2,0.95091,0.01430,0.01890,0.17990,0.66150
E14000587,Bradford East,Bradford East,52.5,0.98690,0.00367,0.00550,0.15480,0.55270
E14000588,Bradford South,Bradford South,54.1,0.98542,0.00845,0.01160,0.21510,0.58670
E14000589,Bradford West,Bradford West,51.5,0.97530,0.00584,0.01130,0.15590,0.53650
E14000590,Braintree,Braintree,30.3,0.86836,0.05586,0.03400,0.25120,0.44200
W07000068,Brecon and Radnorshire,Brecon and Radnorshire,24.2,0.76832,0.13516,0.06090,0.34690,0.29470
E14000591,Brent Central,Brent Central,39.2,0.96392,0.01510,0.01560,0.21770,0.50320
E14000592,Brent North,Brent North,56.7,0.98597,0.00438,0.01000,0.16180,0.61670
E14000593,Brentford and Isleworth,Brentford and Isleworth,61,0.99266,0.00268,0.00680,0.15080,0.63210
E14000594,Brentwood and Ongar,Brentwood and Ongar,48.2,0.92769,0.01444,0.02960,0.25070,0.45660
W07000073,Bridgend,Bridgend,30.9,0.95437,0.00930,0.01970,0.26610,0.50040
E14000595,Bridgwater and West Somerset,Bridgwater and West Somerset,29.7,0.89566,0.05187,0.03240,0.29370,0.44450
E14000596,Brigg and Goole,Brigg and Goole,32.2,0.91157,0.02431,0.03600,0.20220,0.47440
E14000597,"Brighton, Kemptown","Brighton, Kemptown",58.9,0.98739,0.00087,0.00940,0.12570,0.62230
E14000598,"Brighton, Pavilion","Brighton, Pavilion",69.1,0.98637,0.02300,0.00840,0.15340,0.70350
E14000599,Bristol East,Bristol East,67.6,0.98418,0.01690,0.00740,0.16770,0.66100
E14000600,Bristol North West,Bristol North West,67.8,0.98606,0.00792,0.00880,0.13590,0.67090
E14000601,Bristol South,Bristol South,69.9,0.99140,0.00743,0.00400,0.11580,0.67560
E14000602,Bristol West,Bristol West,62.4,0.93027,0.01506,0.00350,0.08640,0.60600
E14000603,Broadland,Broadland,29.6,0.87933,0.05728,0.03790,0.25970,0.43610
E14000604,Bromley and Chislehurst,Bromley and Chislehurst,60.2,0.98541,0.00186,0.00610,0.15600,0.63120
E14000605,Bromsgrove,Bromsgrove,40.3,0.94902,0.01165,0.02250,0.23490,0.55290
E14000606,Broxbourne,Broxbourne,65.5,0.98186,0.00364,0.01720,0.16930,0.69260
E14000607,Broxtowe,Broxtowe,67.9,0.99512,0.00151,0.01130,0.15070,0.68870
E14000608,Buckingham,Buckingham,65.5,0.86601,0.05803,0.03480,0.24220,0.46410
E14000609,Burnley,Burnley,56.8,0.98809,0.00254,0.01440,0.18570,0.63630
E14000610,Burton,Burton,31.3,0.94285,0.01431,0.03240,0.27090,0.51400
E14000611,Bury North,Bury North,37.9,0.97430,0.00214,0.01200,0.23050,0.54520
E14000612,Bury South,Bury South,49.2,0.97864,0.00158,0.00950,0.17270,0.56790
E14000613,Bury St Edmunds,Bury St Edmunds,31.8,0.92944,0.01488,0.03010,0.24120,0.48790
W07000076,Caerphilly,Caerphilly,31.8,0.97295,0.00352,0.02040,0.23510,0.51680
S14000009,"Caithness, Sutherland and Easter Ross","Caithness, Sutherland and Easter Ross",26.2,0.71802,0.15458,0.05210,0.31940,0.34410
E14000614,Calder Valley,Calder Valley,34.9,0.89403,0.02131,0.02200,0.26280,0.40830
E14000615,Camberwell and Peckham,Camberwell and Peckham,44.2,0.95642,0.00775,0.01110,0.24030,0.50130
E14000616,Camborne and Redruth,Camborne and Redruth,24.9,0.90324,0.03113,0.03250,0.30830,0.32460
E14000617,Cambridge,Cambridge,66.6,0.98971,0.00611,0.00910,0.12710,0.72060
E14000618,Cannock Chase,Cannock Chase,38.7,0.97119,0.00398,0.00990,0.21830,0.53110
E14000619,Canterbury,Canterbury,29.3,0.92404,0.01541,0.02080,0.23980,0.43750
W07000050,Cardiff Central,Cardiff Central,64.9,0.94775,0.00918,0.01670,0.14610,0.70060
W07000051,Cardiff North,Cardiff North,55.9,0.98647,0.00444,0.01550,0.18620,0.67180
W07000080,Cardiff South and Penarth,Cardiff South and Penarth,59.2,0.98627,0.01466,0.01770,0.18730,0.66300
W07000079,Cardiff West,Cardiff West,62.1,0.98937,0.00061,0.00720,0.16230,0.66870
E14000620,Carlisle,Carlisle,40.4,0.97054,0.01777,0.02950,0.28590,0.56430
W07000067,Carmarthen East and Dinefwr,Carmarthen East and Dinefwr,24.7,0.78898,0.11941,0.07580,0.37760,0.34610
W07000066,Carmarthen West and South Pembrokeshire,Carmarthen West and South Pembrokeshire,29.8,0.87654,0.06123,0.04600,0.30380,0.43040
E14000621,Carshalton and Wallington,Carshalton and Wallington,64.2,0.98758,0.00722,0.00900,0.16390,0.66930
E14000622,Castle Point,Castle Point,46.1,0.98985,0.00225,0.01050,0.19680,0.55540
S14000010,Central Ayrshire,Central Ayrshire,46.3,0.95942,0.01856,0.01380,0.18970,0.51470
E14000623,Central Devon,Central Devon,27.7,0.76786,0.11244,0.03880,0.27640,0.36710
E14000624,Central Suffolk and North Ipswich,Central Suffolk and North Ipswich,36.6,0.89450,0.04321,0.03340,0.27070,0.45620
W07000064,Ceredigion,Ceredigion,25.5,0.80607,0.12434,0.07430,0.37960,0.33200
E14000625,Charnwood,Charnwood,55.9,0.98037,0.00624,0.01750,0.16210,0.61570
E14000626,Chatham and Aylesford,Chatham and Aylesford,67.7,0.98481,0.00633,0.01300,0.15060,0.68730
E14000627,Cheadle,Cheadle,61.6,0.98698,0.00097,0.00490,0.11450,0.62470
E14000628,Chelmsford,Chelmsford,53.8,0.98071,0.00204,0.01230,0.19940,0.62990
E14000629,Chelsea and Fulham,Chelsea and Fulham,46,0.92755,0.00362,0.00760,0.12930,0.55630
E14000630,Cheltenham,Cheltenham,61.2,0.97797,0.01104,0.01800,0.17600,0.66460
E14000631,Chesham and Amersham,Chesham and Amersham,47.7,0.93992,0.01003,0.01300,0.17620,0.56880
E14000632,Chesterfield,Chesterfield,38.6,0.97227,0.00500,0.01730,0.25390,0.53740
E14000633,Chichester,Chichester,29.9,0.91935,0.02182,0.03130,0.23240,0.44100
E14000634,Chingford and Woodford Green,Chingford and Woodford Green,59.6,0.97941,0.01953,0.00650,0.17810,0.61210
E14000635,Chippenham,Chippenham,39.2,0.95429,0.00610,0.01290,0.19580,0.53690
E14000636,Chipping Barnet,Chipping Barnet,37,0.96966,0.00569,0.01350,0.24000,0.54500
E14000637,Chorley,Chorley,49.7,0.95347,0.01653,0.01990,0.17290,0.59450
E14000638,Christchurch,Christchurch,38.1,0.94859,0.00321,0.02120,0.25290,0.48000
E14000639,Cities of London and Westminster,Cities of London and Westminster,24,0.70075,0.00401,0.01080,0.21700,0.18530
E14000640,City of Chester,City of Chester,30.3,0.96328,0.00575,0.02000,0.27330,0.47200
E14000641,City of Durham,City of Durham,32.5,0.94853,0.00630,0.02810,0.23290,0.52510
E14000642,Clacton,Clacton,28.6,0.95029,0.01477,0.02750,0.26060,0.44140
E14000643,Cleethorpes,Cleethorpes,62.7,0.95456,0.02442,0.01350,0.14140,0.61760
W07000062,Clwyd South,Clwyd South,28.9,0.90780,0.04570,0.03530,0.27560,0.41970
W07000059,Clwyd West,Clwyd West,28.4,0.89305,0.05921,0.03790,0.26590,0.40060
S14000011,"Coatbridge, Chryston and Bellshill","Coatbridge, Chryston and Bellshill",62.5,0.98438,0.01091,0.01710,0.18850,0.64410
E14000644,Colchester,Colchester,59,0.98629,0.00096,0.01460,0.16490,0.65720
E14000645,Colne Valley,Colne Valley,46.7,0.95092,0.02238,0.02350,0.26640,0.51150
E14000646,Congleton,Congleton,30.8,0.90851,0.01469,0.01880,0.22340,0.45890
E14000647,Copeland,Copeland,30.7,0.93799,0.02311,0.02950,0.25280,0.44840
E14000648,Corby,Corby,51.6,0.97596,0.00558,0.01660,0.14960,0.59750
E14000649,Coventry North East,Coventry North East,59.3,0.98155,0.01129,0.01140,0.20160,0.60750
E14000650,Coventry North West,Coventry North West,56.4,0.97486,0.01205,0.00930,0.19850,0.59540
E14000651,Coventry South,Coventry South,38.9,0.92836,0.02223,0.00870,0.19310,0.46050
E14000652,Crawley,Crawley,67.4,0.99391,0.00158,0.01450,0.15650,0.73710
E14000653,Crewe and Nantwich,Crewe and Nantwich,33.2,0.95106,0.01151,0.02330,0.25030,0.54580
E14000654,Croydon Central,Croydon Central,55.4,0.98055,0.00686,0.00760,0.14560,0.57330
E14000655,Croydon North,Croydon North,51.6,0.96542,0.01016,0.00660,0.14230,0.50190
E14000656,Croydon South,Croydon South,60,0.97552,0.00517,0.01230,0.18580,0.62020
S14000012,"Cumbernauld, Kilsyth and Kirkintilloch East","Cumbernauld, Kilsyth and Kirkintilloch East",58.3,0.96306,0.00991,0.02620,0.19010,0.62900
W07000070,Cynon Valley,Cynon Valley,29.7,0.97252,0.00738,0.02700,0.24350,0.47920
E14000657,Dagenham and Rainham,Dagenham and Rainham,59.4,0.98855,0.01115,0.01430,0.19930,0.64310
E14000658,Darlington,Darlington,69.8,0.98626,0.01678,0.01990,0.17760,0.70020
E14000659,Dartford,Dartford,43.3,0.94815,0.01777,0.01760,0.21360,0.55060
E14000660,Daventry,Daventry,57.1,0.92090,0.02590,0.03310,0.21760,0.49290
W07000042,Delyn,Delyn,30,0.91614,0.03800,0.03870,0.26580,0.45990
E14000661,Denton and Reddish,Denton and Reddish,58.2,0.99183,0.00109,0.01010,0.18340,0.64830
E14000662,Derby North,Derby North,63.9,0.99577,0.00175,0.00870,0.15810,0.68190
E14000663,Derby South,Derby South,64,0.98844,0.00362,0.00940,0.14410,0.62220
E14000664,Derbyshire Dales,Derbyshire Dales,28,0.83641,0.08388,0.03340,0.26820,0.36400
E14000665,Devizes,Devizes,38.8,0.91456,0.02205,0.01680,0.19060,0.46830
E14000666,Dewsbury,Dewsbury,44.1,0.96213,0.00830,0.02280,0.25610,0.50130
E14000667,Don Valley,Don Valley,32.9,0.95797,0.01142,0.02980,0.21570,0.42570
E14000668,Doncaster Central,Doncaster Central,46.2,0.98273,0.00251,0.01320,0.18520,0.53560
E14000669,Doncaster North,Doncaster North,39.1,0.95884,0.01489,0.02210,0.24840,0.46090
E14000670,Dover,Dover,40.7,0.94092,0.01484,0.02330,0.21330,0.50760
E14000671,Dudley North,Dudley North,59.3,0.99432,0.00070,0.01100,0.20400,0.61680
E14000672,Dudley South,Dudley South,59.8,0.99656,0.00211,0.00860,0.18600,0.63540
E14000673,Dulwich and West Norwood,Dulwich and West Norwood,52,0.97717,0.00073,0.00540,0.13220,0.58410
S14000013,Dumfries and Galloway,Dumfries and Galloway,27.1,0.85873,0.07577,0.03680,0.28180,0.37520
S14000014,"Dumfriesshire, Clydesdale and Tweeddale","Dumfriesshire, Clydesdale and Tweeddale",27.1,0.81322,0.09869,0.03770,0.26840,0.36110
S14000015,Dundee East,Dundee East,64.1,0.97268,0.01243,0.00900,0.13120,0.62530
S14000016,Dundee West,Dundee West,64.4,0.98171,0.00722,0.00680,0.11680,0.62550
S14000017,Dunfermline and West Fife,Dunfermline and West Fife,31.5,0.96927,0.00975,0.02010,0.25900,0.51480
W07000061,Dwyfor Meirionnydd,Dwyfor Meirionnydd,28.6,0.84401,0.08266,0.04760,0.29150,0.38160
E14000674,Ealing Central and Acton,Ealing Central and Acton,56.7,0.98157,0.01224,0.00630,0.13160,0.61870
E14000675,Ealing North,Ealing North,53.8,0.99282,0.00675,0.01240,0.18160,0.63880
E14000676,"Ealing, Southall","Ealing, Southall",41.6,0.97934,0.00991,0.00960,0.24520,0.54760
E14000677,Easington,Easington,31.5,0.96806,0.00287,0.02780,0.21740,0.52150
N06000005,East Antrim,East Antrim,38.4,0.93280,0.03078,0.03100,0.21060,0.56460
E14000678,East Devon,East Devon,33.8,0.90636,0.03578,0.02810,0.24270,0.46450
S14000018,East Dunbartonshire,East Dunbartonshire,68.3,0.98220,0.00450,0.00620,0.13070,0.61100
E14000679,East Ham,East Ham,45.4,0.98241,0.01478,0.01590,0.26090,0.55620
E14000680,East Hampshire,East Hampshire,35.6,0.88429,0.03359,0.01980,0.20120,0.43850
S14000019,"East Kilbride, Strathaven and Lesmahagow","East Kilbride, Strathaven and Lesmahagow",61.3,0.96274,0.02191,0.02500,0.19280,0.64350
N06000006,East Londonderry,East Londonderry,34.9,0.86739,0.06029,0.03780,0.21470,0.52400
S14000020,East Lothian,East Lothian,27.2,0.89941,0.04115,0.01540,0.20430,0.36600
S14000021,East Renfrewshire,East Renfrewshire,60.3,0.96389,0.00807,0.00900,0.16230,0.58290
E14000681,East Surrey,East Surrey,48,0.94277,0.01203,0.01400,0.16650,0.55320
E14000682,East Worthing and Shoreham,East Worthing and Shoreham,66.7,0.99336,0.00193,0.00480,0.10630,0.65770
E14000683,East Yorkshire,East Yorkshire,31.3,0.90011,0.02749,0.02440,0.19960,0.45100
E14000684,Eastbourne,Eastbourne,32,0.99001,0.00084,0.01680,0.23580,0.51470
E14000685,Eastleigh,Eastleigh,47.7,0.96606,0.00477,0.01050,0.19400,0.54660
E14000686,Eddisbury,Eddisbury,29.8,0.86955,0.04819,0.03360,0.25430,0.44660
S14000022,Edinburgh East,Edinburgh East,58.9,0.97697,0.02718,0.01120,0.14140,0.58020
S14000023,Edinburgh North and Leith,Edinburgh North and Leith,59.8,0.99282,0.00447,0.00510,0.10600,0.59130
S14000024,Edinburgh South,Edinburgh South,66.2,0.98940,0.00364,0.00290,0.08990,0.63470
S14000025,Edinburgh South West,Edinburgh South West,68.3,0.98487,0.00263,0.00500,0.09720,0.65250
S14000026,Edinburgh West,Edinburgh West,63.5,0.97687,0.00861,0.00950,0.15760,0.62230
E14000687,Edmonton,Edmonton,57.7,0.98697,0.01152,0.00660,0.14460,0.62230
E14000688,Ellesmere Port and Neston,Ellesmere Port and Neston,52.4,0.97396,0.00351,0.01570,0.17720,0.58550
E14000689,Elmet and Rothwell,Elmet and Rothwell,35.3,0.93335,0.02098,0.02850,0.22410,0.48590
E14000690,Eltham,Eltham,55.4,0.99461,0.00061,0.00800,0.16260,0.63160
E14000691,Enfield North,Enfield North,62.7,0.98533,0.00879,0.01260,0.21640,0.68830
E14000692,"Enfield, Southgate","Enfield, Southgate",61.9,0.98894,0.00266,0.00850,0.14660,0.64590
E14000693,Epping Forest,Epping Forest,56.9,0.96587,0.01931,0.02070,0.19850,0.61440
E14000694,Epsom and Ewell,Epsom and Ewell,59.2,0.99632,0.00099,0.00700,0.15310,0.63570
E14000695,Erewash,Erewash,61.1,0.99274,0.00156,0.00760,0.15970,0.64280
E14000696,Erith and Thamesmead,Erith and Thamesmead,49.1,0.97796,0.01741,0.01420,0.23240,0.55530
E14000697,Esher and Walton,Esher and Walton,63.2,0.99148,0.00107,0.00810,0.13520,0.66990
E14000698,Exeter,Exeter,61,0.96900,0.02627,0.01230,0.21360,0.61610
S14000028,Falkirk,Falkirk,66.3,0.97957,0.00882,0.01040,0.17270,0.63830
E14000699,Fareham,Fareham,61.4,0.98400,0.00653,0.01500,0.16490,0.64140
E14000700,Faversham and Mid Kent,Faversham and Mid Kent,44.1,0.90209,0.03729,0.03290,0.19650,0.55190
E14000701,Feltham and Heston,Feltham and Heston,61.1,0.97481,0.01138,0.01450,0.21000,0.66680
N06000007,Fermanagh and South Tyrone,Fermanagh and South Tyrone,31.3,0.72988,0.15973,0.06250,0.30450,0.46000
E14000702,Filton and Bradley Stoke,Filton and Bradley Stoke,65.7,0.98001,0.00507,0.01700,0.15200,0.69410
E14000703,Finchley and Golders Green,Finchley and Golders Green,46.4,0.97794,0.00388,0.00620,0.14080,0.56150
E14000704,Folkestone and Hythe,Folkestone and Hythe,41.4,0.92427,0.03097,0.03010,0.19200,0.48600
E14000705,Forest of Dean,Forest of Dean,24.9,0.78273,0.10398,0.03540,0.32680,0.33250
N06000008,Foyle,Foyle,52.1,0.97803,0.00776,0.01490,0.14730,0.65520
E14000706,Fylde,Fylde,38.2,0.93429,0.01426,0.01900,0.20960,0.48250
E14000707,Gainsborough,Gainsborough,36.9,0.86160,0.07172,0.03060,0.21600,0.51310
E14000708,Garston and Halewood,Garston and Halewood,55.4,0.99414,0.00176,0.00880,0.15160,0.58100
E14000709,Gateshead,Gateshead,62.4,0.98894,0.00366,0.01000,0.16820,0.61670
E14000710,Gedling,Gedling,67.1,0.99657,0.00183,0.00620,0.11030,0.70800
E14000711,Gillingham and Rainham,Gillingham and Rainham,71.3,0.99064,0.00324,0.00820,0.12480,0.70010
S14000029,Glasgow Central,Glasgow Central,37.2,0.93578,0.00634,0.00620,0.14890,0.37210
S14000030,Glasgow East,Glasgow East,46.7,0.98545,0.00725,0.01570,0.21960,0.52360
S14000031,Glasgow North,Glasgow North,55.3,0.99430,0.00477,0.00560,0.14590,0.59650
S14000032,Glasgow North East,Glasgow North East,51.6,0.99272,0.00300,0.01000,0.18350,0.56200
S14000033,Glasgow North West,Glasgow North West,49.9,0.99742,0.00066,0.00660,0.19110,0.56280
S14000034,Glasgow South,Glasgow South,53,0.97925,0.00246,0.00730,0.16120,0.53120
S14000035,Glasgow South West,Glasgow South West,35.7,0.98240,0.00374,0.02850,0.25100,0.48530
S14000036,Glenrothes,Glenrothes,61.1,0.96621,0.01603,0.01240,0.16100,0.61570
E14000712,Gloucester,Gloucester,68,0.97526,0.01360,0.01700,0.16040,0.66580
S14000037,Gordon,Gordon,27.3,0.82025,0.09173,0.02950,0.27910,0.38450
E14000713,Gosport,Gosport,62.8,0.99844,0.00045,0.01490,0.13850,0.67610
W07000046,Gower,Gower,45.8,0.94996,0.01479,0.01850,0.16980,0.53170
E14000714,Grantham and Stamford,Grantham and Stamford,44.7,0.93866,0.01809,0.02090,0.20350,0.55340
E14000715,Gravesham,Gravesham,53.5,0.95819,0.00817,0.01520,0.19520,0.60310
E14000716,Great Grimsby,Great Grimsby,74.2,0.99318,0.00354,0.00580,0.12120,0.70440
E14000717,Great Yarmouth,Great Yarmouth,47.3,0.95679,0.01051,0.01420,0.17280,0.54590
E14000718,Greenwich and Woolwich,Greenwich and Woolwich,46.7,0.97063,0.01374,0.00810,0.16370,0.53490
E14000719,Guildford,Guildford,61,0.96167,0.00964,0.01710,0.15600,0.67180
E14000720,Hackney North and Stoke Newington,Hackney North and Stoke Newington,52.7,0.98950,0.00021,0.00540,0.13850,0.58280
E14000721,Hackney South and Shoreditch,Hackney South and Shoreditch,45.2,0.96205,0.00423,0.00560,0.14380,0.49750
E14000722,Halesowen and Rowley Regis,Halesowen and Rowley Regis,59.6,0.99777,0.00142,0.00670,0.15490,0.61190
E14000723,Halifax,Halifax,45.5,0.97835,0.00316,0.01590,0.22590,0.55600
E14000724,Haltemprice and Howden,Haltemprice and Howden,69,0.95057,0.02324,0.01020,0.14670,0.58930
E14000725,Halton,Halton,58,0.98443,0.00338,0.01790,0.18220,0.64390
E14000726,Hammersmith,Hammersmith,42.4,0.93916,0.00542,0.00600,0.14470,0.48310
E14000727,Hampstead and Kilburn,Hampstead and Kilburn,57.8,0.98239,0.00132,0.00340,0.09740,0.62860
E14000728,Harborough,Harborough,49.9,0.98140,0.00407,0.00750,0.14010,0.57990
E14000729,Harlow,Harlow,69.4,0.94138,0.01659,0.01710,0.17250,0.68720
E14000730,Harrogate and Knaresborough,Harrogate and Knaresborough,58,0.97726,0.00695,0.00830,0.13570,0.59400
E14000731,Harrow East,Harrow East,59.1,0.98288,0.01123,0.00830,0.18110,0.65050
E14000732,Harrow West,Harrow West,58.5,0.98074,0.00810,0.00780,0.16190,0.64230
E14000733,Hartlepool,Hartlepool,70.6,0.97732,0.01348,0.02510,0.15600,0.72780
E14000734,Harwich and North Essex,Harwich and North Essex,26.6,0.80490,0.09121,0.04440,0.26540,0.35320
E14000735,Hastings and Rye,Hastings and Rye,30.1,0.96614,0.00273,0.02720,0.25060,0.47480
E14000736,Havant,Havant,64.2,0.99259,0.00296,0.00800,0.14640,0.65270
E14000737,Hayes and Harlington,Hayes and Harlington,55.8,0.97251,0.01744,0.00930,0.18640,0.58960
E14000738,Hazel Grove,Hazel Grove,64.8,0.98581,0.00635,0.00820,0.14190,0.63800
E14000739,Hemel Hempstead,Hemel Hempstead,59.8,0.96102,0.01772,0.01860,0.17830,0.65570
E14000740,Hemsworth,Hemsworth,30.2,0.93074,0.01278,0.03090,0.24370,0.47710
E14000741,Hendon,Hendon,45.1,0.97542,0.00252,0.00740,0.19430,0.54450
E14000742,Henley,Henley,52.7,0.93686,0.01463,0.02330,0.18420,0.52230
E14000743,Hereford and South Herefordshire,Hereford and South Herefordshire,31.2,0.91332,0.03493,0.03890,0.29680,0.49010
E14000744,Hertford and Stortford,Hertford and Stortford,61.9,0.96957,0.00698,0.01120,0.14290,0.61460
E14000745,Hertsmere,Hertsmere,60.8,0.97723,0.00805,0.01020,0.16260,0.64960
E14000746,Hexham,Hexham,29.8,0.85489,0.06471,0.03690,0.21440,0.41730
E14000747,Heywood and Middleton,Heywood and Middleton,50.4,0.97709,0.00312,0.01220,0.19040,0.60630
E14000748,High Peak,High Peak,29,0.90099,0.03474,0.02900,0.22290,0.41850
E14000749,Hitchin and Harpenden,Hitchin and Harpenden,58.2,0.94603,0.01603,0.01670,0.13770,0.62570
E14000750,Holborn and St Pancras,Holborn and St Pancras,54.1,0.96445,0.00062,0.00530,0.10020,0.52550
E14000751,Hornchurch and Upminster,Hornchurch and Upminster,58,0.97945,0.00796,0.00900,0.16010,0.60610
E14000752,Hornsey and Wood Green,Hornsey and Wood Green,59.8,0.98638,0.00502,0.00510,0.12030,0.62930
E14000753,Horsham,Horsham,34.4,0.93071,0.01906,0.02230,0.21970,0.52830
E14000754,Houghton and Sunderland South,Houghton and Sunderland South,42.9,0.95769,0.01237,0.01770,0.22980,0.55170
E14000755,Hove,Hove,64.3,0.98762,0.00368,0.00630,0.11230,0.65960
E14000756,Huddersfield,Huddersfield,65.7,0.98918,0.00430,0.02220,0.22800,0.68650
E14000757,Huntingdon,Huntingdon,55.2,0.97078,0.01249,0.01440,0.16360,0.65160
E14000758,Hyndburn,Hyndburn,48,0.97585,0.00172,0.01660,0.19370,0.59160
E14000759,Ilford North,Ilford North,62,0.98531,0.01076,0.00960,0.16540,0.66530
E14000760,Ilford South,Ilford South,56.6,0.97911,0.00060,0.00460,0.11910,0.56480
S14000038,Inverclyde,Inverclyde,65.4,0.97578,0.00607,0.00880,0.12150,0.64080
S14000039,"Inverness, Nairn, Badenoch and Strathspey","Inverness, Nairn, Badenoch and Strathspey",28.8,0.84395,0.06088,0.03120,0.26910,0.42200
E14000761,Ipswich,Ipswich,59.1,0.99011,0.00263,0.01090,0.16710,0.63420
E14000762,Isle of Wight,Isle of Wight,30.4,0.94809,0.01027,0.01840,0.18620,0.42330
E14000763,Islington North,Islington North,59.3,0.98037,0.00503,0.00510,0.13210,0.58950
E14000764,Islington South and Finsbury,Islington South and Finsbury,50.8,0.93467,0.00178,0.00540,0.13620,0.51260
W07000077,Islwyn,Islwyn,29.2,0.96414,0.00344,0.02210,0.25640,0.47250
E14000765,Jarrow,Jarrow,63.7,0.97653,0.01110,0.02150,0.21370,0.65170
E14000766,Keighley,Keighley,48.5,0.95515,0.01502,0.01270,0.18460,0.52430
E14000767,Kenilworth and Southam,Kenilworth and Southam,42,0.92017,0.02697,0.03600,0.21240,0.53930
E14000768,Kensington,Kensington,55.8,0.96128,0.00783,0.00900,0.19480,0.55600
E14000769,Kettering,Kettering,59,0.98561,0.00750,0.01380,0.14410,0.60720
S14000040,Kilmarnock and Loudoun,Kilmarnock and Loudoun,40,0.95468,0.02434,0.02720,0.23120,0.51770
E14000770,Kingston and Surbiton,Kingston and Surbiton,65.5,0.98836,0.00370,0.00510,0.11360,0.67190
E14000771,Kingston upon Hull East,Kingston upon Hull East,90.2,0.97426,0.01521,0.00900,0.28030,0.55440
E14000772,Kingston upon Hull North,Kingston upon Hull North,72.3,0.98509,0.00684,0.00510,0.21350,0.50280
E14000773,Kingston upon Hull West and Hessle,Kingston upon Hull West and Hessle,67.3,0.97207,0.00890,0.00460,0.22140,0.45060
E14000774,Kingswood,Kingswood,68.8,0.99465,0.00106,0.00740,0.12910,0.69500
S14000041,Kirkcaldy and Cowdenbeath,Kirkcaldy and Cowdenbeath,48.6,0.98151,0.00317,0.01020,0.11500,0.52500
E14000775,Knowsley,Knowsley,61,0.99283,0.00223,0.01380,0.17950,0.65750
N06000009,Lagan Valley,Lagan Valley,44.9,0.91858,0.03034,0.03190,0.22970,0.58250
S14000042,Lanark and Hamilton East,Lanark and Hamilton East,49,0.95251,0.02289,0.01710,0.16650,0.53950
E14000776,Lancaster and Fleetwood,Lancaster and Fleetwood,50.9,0.95492,0.01096,0.01440,0.17410,0.42530
E14000777,Leeds Central,Leeds Central,49.9,0.93288,0.00909,0.01390,0.21180,0.52620
E14000778,Leeds East,Leeds East,58.9,0.99469,0.00703,0.00800,0.19190,0.59910
E14000779,Leeds North East,Leeds North East,62.5,0.99333,0.00330,0.01370,0.16910,0.64230
E14000780,Leeds North West,Leeds North West,54.3,0.95975,0.00824,0.01010,0.16260,0.57640
E14000781,Leeds West,Leeds West,61.1,0.99476,0.00425,0.01130,0.18940,0.64290
E14000782,Leicester East,Leicester East,55.2,0.99213,0.00683,0.00910,0.15590,0.59320
E14000783,Leicester South,Leicester South,62.4,0.98591,0.00133,0.00430,0.10760,0.62200
E14000784,Leicester West,Leicester West,66.4,0.99170,0.00776,0.00960,0.17660,0.69010
E14000785,Leigh,Leigh,63.4,0.99029,0.00226,0.01860,0.16750,0.68860
E14000786,Lewes,Lewes,30.8,0.95401,0.00863,0.01400,0.18610,0.43650
E14000787,Lewisham East,Lewisham East,52,0.99420,0.00130,0.00700,0.14140,0.58220
E14000788,Lewisham West and Penge,Lewisham West and Penge,48.6,0.97239,0.00660,0.00490,0.13390,0.51730
E14000789,"Lewisham, Deptford","Lewisham, Deptford",39.7,0.94325,0.00631,0.00840,0.22500,0.46670
E14000790,Leyton and Wanstead,Leyton and Wanstead,61,0.98490,0.00577,0.00560,0.12170,0.62700
E14000791,Lichfield,Lichfield,50.1,0.95764,0.01525,0.01200,0.16010,0.59180
E14000792,Lincoln,Lincoln,70.7,0.98912,0.00508,0.01640,0.13730,0.75150
S14000043,Linlithgow and East Falkirk,Linlithgow and East Falkirk,48.7,0.95514,0.01399,0.01230,0.20270,0.51140
E14000793,"Liverpool, Riverside","Liverpool, Riverside",45.9,0.89362,0.02139,0.00450,0.13260,0.45800
E14000794,"Liverpool, Walton","Liverpool, Walton",61.3,0.99615,0.00030,0.00690,0.11370,0.61790
E14000795,"Liverpool, Wavertree","Liverpool, Wavertree",60.7,0.99892,0.00121,0.00490,0.09230,0.60700
E14000796,"Liverpool, West Derby","Liverpool, West Derby",62.6,0.99817,0.00043,0.01580,0.19770,0.67490
S14000044,Livingston,Livingston,52,0.96605,0.01138,0.01480,0.18320,0.55810
W07000045,Llanelli,Llanelli,29.7,0.93950,0.02933,0.02870,0.22230,0.46170
E14000797,Loughborough,Loughborough,58.7,0.98556,0.00787,0.00950,0.13770,0.64890
E14000798,Louth and Horncastle,Louth and Horncastle,31.8,0.86229,0.05712,0.03770,0.24250,0.41800
E14000799,Ludlow,Ludlow,26.4,0.78612,0.11257,0.03890,0.28470,0.33850
E14000800,Luton North,Luton North,68.4,0.99932,0.00044,0.01610,0.16270,0.72480
E14000801,Luton South,Luton South,65.6,0.98698,0.00600,0.01660,0.14450,0.68750
E14000802,Macclesfield,Macclesfield,54.1,0.94479,0.02258,0.01750,0.17150,0.59360
E14000803,Maidenhead,Maidenhead,50.1,0.93049,0.02022,0.01820,0.17690,0.57980
E14000804,Maidstone and The Weald,Maidstone and The Weald,46.9,0.92469,0.02726,0.01920,0.18930,0.55980
E14000805,Makerfield,Makerfield,61.8,0.99088,0.00085,0.00820,0.14510,0.64180
E14000806,Maldon,Maldon,29.3,0.89625,0.02605,0.02570,0.24810,0.40460
E14000807,Manchester Central,Manchester Central,31.1,0.90408,0.02344,0.00750,0.24380,0.35460
E14000808,"Manchester, Gorton","Manchester, Gorton",42.9,0.98257,0.00568,0.01680,0.23530,0.55730
E14000809,"Manchester, Withington","Manchester, Withington",57.1,0.98381,0.00243,0.00500,0.14430,0.62960
E14000810,Mansfield,Mansfield,61.7,0.98910,0.00164,0.00960,0.16500,0.67820
E14000811,Meon Valley,Meon Valley,49.9,0.91855,0.03538,0.02230,0.21790,0.54950
E14000812,Meriden,Meriden,59.5,0.97044,0.01477,0.01280,0.15850,0.63860
W07000071,Merthyr Tydfil and Rhymney,Merthyr Tydfil and Rhymney,29.1,0.96628,0.00435,0.02720,0.28010,0.47570
E14000813,Mid Bedfordshire,Mid Bedfordshire,52.5,0.94427,0.01674,0.02620,0.17710,0.56260
E14000814,Mid Derbyshire,Mid Derbyshire,50,0.96893,0.00693,0.02210,0.16800,0.60070
E14000815,Mid Dorset and North Poole,Mid Dorset and North Poole,46.3,0.93775,0.01025,0.01500,0.20690,0.54450
E14000816,Mid Norfolk,Mid Norfolk,28.6,0.85331,0.05338,0.03800,0.24840,0.41090
E14000817,Mid Sussex,Mid Sussex,33.5,0.95471,0.00629,0.01090,0.18630,0.49680
N06000010,Mid Ulster,Mid Ulster,31.9,0.78073,0.09924,0.04700,0.23940,0.45390
E14000818,Mid Worcestershire,Mid Worcestershire,32.2,0.92219,0.02046,0.02730,0.24880,0.49350
E14000819,Middlesbrough,Middlesbrough,64.9,0.98117,0.01474,0.01300,0.18340,0.61300
E14000820,Middlesbrough South and East Cleveland,Middlesbrough South and East Cleveland,65.1,0.95722,0.01891,0.01390,0.15230,0.60620
S14000045,Midlothian,Midlothian,28.2,0.92392,0.03371,0.03560,0.26660,0.44250
E14000821,Milton Keynes North,Milton Keynes North,32.8,0.96460,0.01631,0.02950,0.26000,0.52520
E14000822,Milton Keynes South,Milton Keynes South,35.1,0.97299,0.00707,0.03270,0.25200,0.55850
E14000823,Mitcham and Morden,Mitcham and Morden,60.1,0.98678,0.00788,0.00750,0.16710,0.64890
E14000824,Mole Valley,Mole Valley,43.6,0.92619,0.01029,0.01860,0.18990,0.54150
W07000054,Monmouth,Monmouth,27.4,0.84062,0.07868,0.04110,0.32770,0.39000
W07000063,Montgomeryshire,Montgomeryshire,24.9,0.80587,0.12247,0.06720,0.38080,0.31370
S14000046,Moray,Moray,28,0.84340,0.07651,0.03200,0.27310,0.39410
E14000825,Morecambe and Lunesdale,Morecambe and Lunesdale,69.7,0.98657,0.00424,0.01280,0.20980,0.50770
E14000826,Morley and Outwood,Morley and Outwood,43.1,0.96500,0.01145,0.01800,0.22700,0.53140
S14000047,Motherwell and Wishaw,Motherwell and Wishaw,66.8,0.99579,0.00255,0.00820,0.13960,0.65310
S14000027,Na h-Eileanan an Iar,Na h-Eileanan an Iar,29.4,0.71783,0.15272,0.04780,0.29770,0.41140
W07000069,Neath,Neath,47.2,0.96445,0.00872,0.01520,0.17310,0.55420
E14000827,New Forest East,New Forest East,37.4,0.90067,0.03624,0.02570,0.24220,0.49150
E14000828,New Forest West,New Forest West,29.5,0.93001,0.02089,0.02240,0.22590,0.40660
E14000829,Newark,Newark,49.9,0.95048,0.01912,0.02400,0.17510,0.59540
E14000830,Newbury,Newbury,61.7,0.94316,0.02085,0.02140,0.20490,0.48800
E14000831,Newcastle upon Tyne Central,Newcastle upon Tyne Central,50.2,0.95894,0.00177,0.00520,0.12130,0.51220
E14000832,Newcastle upon Tyne East,Newcastle upon Tyne East,57.9,0.97648,0.00823,0.00620,0.14140,0.61690
E14000833,Newcastle upon Tyne North,Newcastle upon Tyne North,41.6,0.97310,0.01108,0.02030,0.24690,0.52630
E14000834,Newcastle-under-Lyme,Newcastle-under-Lyme,57.8,0.98124,0.00573,0.01700,0.19090,0.64170
W07000055,Newport East,Newport East,55,0.97078,0.01389,0.01350,0.17970,0.60840
W07000056,Newport West,Newport West,53.3,0.97859,0.00692,0.01630,0.19850,0.61000
N06000011,Newry and Armagh,Newry and Armagh,30.7,0.82769,0.07651,0.05470,0.26570,0.44540
E14000835,Newton Abbot,Newton Abbot,41.7,0.92049,0.03198,0.01900,0.21770,0.47490
E14000836,"Normanton, Pontefract and Castleford","Normanton, Pontefract and Castleford",40.6,0.97621,0.01187,0.01700,0.21100,0.51650
N06000012,North Antrim,North Antrim,32.3,0.84756,0.07600,0.04010,0.24500,0.47100
S14000048,North Ayrshire and Arran,North Ayrshire and Arran,27.1,0.93243,0.01903,0.01580,0.22570,0.37730
E14000837,North Cornwall,North Cornwall,25.1,0.87905,0.05393,0.04070,0.28330,0.31690
E14000838,North Devon,North Devon,30.3,0.85851,0.07659,0.03820,0.25140,0.43810
E14000839,North Dorset,North Dorset,29.6,0.87245,0.04303,0.03130,0.21420,0.42440
N06000013,North Down,North Down,39.6,0.98052,0.00470,0.02150,0.20000,0.59770
E14000840,North Durham,North Durham,30.3,0.93399,0.02078,0.01820,0.22530,0.44980
E14000841,North East Bedfordshire,North East Bedfordshire,49.7,0.93929,0.02327,0.02840,0.17780,0.59560
E14000842,North East Cambridgeshire,North East Cambridgeshire,37.7,0.93611,0.02294,0.01740,0.17180,0.48040
E14000843,North East Derbyshire,North East Derbyshire,29.5,0.90453,0.02408,0.02840,0.27400,0.46150
S14000049,North East Fife,North East Fife,31.8,0.90421,0.04345,0.01900,0.19970,0.41950
E14000844,North East Hampshire,North East Hampshire,54.9,0.93410,0.02070,0.01520,0.16100,0.60800
E14000845,North East Hertfordshire,North East Hertfordshire,50.9,0.92044,0.03157,0.01600,0.16440,0.51970
E14000846,North East Somerset,North East Somerset,38,0.85753,0.04075,0.02830,0.21830,0.45320
E14000847,North Herefordshire,North Herefordshire,27,0.78771,0.08565,0.05010,0.30770,0.35470
E14000848,North Norfolk,North Norfolk,28.8,0.86488,0.05155,0.03080,0.24160,0.38160
E14000849,North Shropshire,North Shropshire,30.6,0.86869,0.05652,0.03950,0.24570,0.43920
E14000850,North Somerset,North Somerset,46.4,0.92443,0.03015,0.01700,0.20840,0.51770
E14000851,North Swindon,North Swindon,56.6,0.92891,0.03128,0.01310,0.19660,0.56210
E14000852,North Thanet,North Thanet,30.2,0.96040,0.00922,0.01710,0.20870,0.45090
E14000853,North Tyneside,North Tyneside,44.3,0.97848,0.01177,0.01160,0.24090,0.52590
E14000854,North Warwickshire,North Warwickshire,43.8,0.96278,0.01217,0.02250,0.18590,0.53410
E14000855,North West Cambridgeshire,North West Cambridgeshire,49.2,0.95618,0.01455,0.02410,0.17840,0.61080
E14000856,North West Durham,North West Durham,30.1,0.92415,0.02013,0.02690,0.22790,0.46310
E14000857,North West Hampshire,North West Hampshire,44.7,0.91907,0.03624,0.01890,0.19830,0.53110
E14000858,North West Leicestershire,North West Leicestershire,56.7,0.96053,0.01154,0.01800,0.15570,0.62790
E14000859,North West Norfolk,North West Norfolk,29.4,0.91232,0.02543,0.03060,0.25970,0.44010
E14000860,North Wiltshire,North Wiltshire,104.4,0.88233,0.05090,0.02680,0.21100,0.47730
E14000861,Northampton North,Northampton North,65.4,0.99373,0.00185,0.00680,0.18410,0.65460
E14000862,Northampton South,Northampton South,60.3,0.99740,0.00116,0.00820,0.15260,0.62930
E14000863,Norwich North,Norwich North,61.2,0.99591,0.00180,0.01200,0.19760,0.66670
E14000864,Norwich South,Norwich South,59.5,0.98702,0.00592,0.00780,0.14720,0.65190
E14000865,Nottingham East,Nottingham East,62.7,0.96977,0.00013,0.00530,0.12930,0.65010
E14000866,Nottingham North,Nottingham North,69.1,0.99797,0.00127,0.00960,0.17160,0.69900
E14000867,Nottingham South,Nottingham South,66.1,0.97910,0.00763,0.01320,0.15710,0.65550
E14000868,Nuneaton,Nuneaton,58.1,0.98991,0.00393,0.01590,0.17890,0.66860
S14000050,Ochil and South Perthshire,Ochil and South Perthshire,28.7,0.87005,0.05820,0.03360,0.23660,0.41040
W07000074,Ogmore,Ogmore,31.5,0.95718,0.00902,0.03240,0.22040,0.51120
E14000869,Old Bexley and Sidcup,Old Bexley and Sidcup,47.2,0.97884,0.00532,0.01870,0.25300,0.56420
E14000870,Oldham East and Saddleworth,Oldham East and Saddleworth,51.9,0.96711,0.00797,0.01930,0.19330,0.63410
E14000871,Oldham West and Royton,Oldham West and Royton,60.3,0.99725,0.00186,0.01650,0.20420,0.69730
S14000051,Orkney and Shetland,Orkney and Shetland,24.6,0.66959,0.22233,0.05830,0.39770,0.30360
E14000872,Orpington,Orpington,56.6,0.96147,0.01941,0.01360,0.18990,0.58820
E14000873,Oxford East,Oxford East,63.4,0.98060,0.01092,0.00840,0.14670,0.67550
E14000874,Oxford West and Abingdon,Oxford West and Abingdon,63.5,0.98462,0.00215,0.01200,0.15040,0.64800
S14000052,Paisley and Renfrewshire North,Paisley and Renfrewshire North,57.8,0.96015,0.01016,0.01280,0.19930,0.55840
S14000053,Paisley and Renfrewshire South,Paisley and Renfrewshire South,61.1,0.97926,0.00813,0.00850,0.13390,0.59030
E14000875,Pendle,Pendle,43.8,0.96517,0.01335,0.01320,0.15430,0.51590
E14000876,Penistone and Stocksbridge,Penistone and Stocksbridge,26.2,0.87288,0.03702,0.03540,0.30480,0.35230
E14000877,Penrith and The Border,Penrith and The Border,29,0.81149,0.10946,0.05950,0.27380,0.39480
S14000054,Perth and North Perthshire,Perth and North Perthshire,47.9,0.87255,0.06680,0.02830,0.20400,0.49810
E14000878,Peterborough,Peterborough,60.8,0.98274,0.00553,0.01410,0.17070,0.65490
E14000879,"Plymouth, Moor View","Plymouth, Moor View",69.5,0.98804,0.00935,0.01870,0.15370,0.70500
E14000880,"Plymouth, Sutton and Devonport","Plymouth, Sutton and Devonport",67.6,0.98026,0.01495,0.00670,0.14300,0.66720
W07000075,Pontypridd,Pontypridd,40.7,0.96152,0.01158,0.01620,0.22610,0.54900
E14000881,Poole,Poole,58.3,0.99024,0.00231,0.00940,0.14880,0.62510
E14000882,Poplar and Limehouse,Poplar and Limehouse,30.6,0.92150,0.00721,0.01410,0.29030,0.37850
E14000883,Portsmouth North,Portsmouth North,69.3,0.98460,0.01210,0.00810,0.14070,0.68180
E14000884,Portsmouth South,Portsmouth South,63.8,0.96343,0.01185,0.00990,0.16690,0.68450
W07000065,Preseli Pembrokeshire,Preseli Pembrokeshire,30.4,0.84511,0.09102,0.04570,0.26340,0.43530
E14000885,Preston,Preston,54.5,0.98409,0.00248,0.00680,0.14760,0.60000
E14000886,Pudsey,Pudsey,52.9,0.98270,0.00286,0.00870,0.19570,0.58980
E14000887,Putney,Putney,44.7,0.97370,0.00257,0.00860,0.18900,0.56290
E14000888,Rayleigh and Wickford,Rayleigh and Wickford,38.4,0.96562,0.00516,0.01060,0.18670,0.50710
E14000889,Reading East,Reading East,59.8,0.98197,0.00309,0.00490,0.10630,0.62210
E14000890,Reading West,Reading West,59.4,0.98133,0.00531,0.01310,0.17770,0.65150
E14000891,Redcar,Redcar,71.3,0.98715,0.01217,0.01910,0.19080,0.67980
E14000892,Redditch,Redditch,60.5,0.97608,0.00689,0.01340,0.17980,0.64740
E14000893,Reigate,Reigate,52.7,0.97009,0.00512,0.01090,0.15390,0.58660
W07000052,Rhondda,Rhondda,29.5,0.98627,0.00038,0.02090,0.24260,0.46760
E14000894,Ribble Valley,Ribble Valley,40.8,0.92472,0.03172,0.01950,0.20410,0.51600
E14000895,Richmond (Yorks),Richmond (Yorks),30.4,0.85374,0.07912,0.03390,0.22500,0.44650
E14000896,Richmond Park,Richmond Park,65.7,0.98542,0.00263,0.00820,0.11290,0.66650
E14000897,Rochdale,Rochdale,42.7,0.98533,0.00402,0.02160,0.24920,0.57420
E14000898,Rochester and Strood,Rochester and Strood,55.6,0.95788,0.01428,0.01660,0.18930,0.61170
E14000899,Rochford and Southend East,Rochford and Southend East,57.3,0.96379,0.00829,0.00570,0.09660,0.58680
E14000900,Romford,Romford,61.8,0.98750,0.00271,0.01410,0.18220,0.67060
E14000901,Romsey and Southampton North,Romsey and Southampton North,46.1,0.90885,0.02968,0.02320,0.24480,0.50690
S14000055,"Ross, Skye and Lochaber","Ross, Skye and Lochaber",24.6,0.70180,0.18636,0.05500,0.37620,0.32660
E14000902,Rossendale and Darwen,Rossendale and Darwen,42.3,0.95631,0.01083,0.02520,0.19930,0.54950
E14000903,Rother Valley,Rother Valley,38.2,0.97983,0.00578,0.02350,0.22240,0.46950
E14000904,Rotherham,Rotherham,53,0.99097,0.00266,0.01540,0.22740,0.57560
E14000905,Rugby,Rugby,53.5,0.96147,0.01380,0.02160,0.19550,0.63740
E14000906,"Ruislip, Northwood and Pinner","Ruislip, Northwood and Pinner",57.9,0.98429,0.00885,0.00930,0.14830,0.64440
E14000907,Runnymede and Weybridge,Runnymede and Weybridge,54.9,0.97600,0.00528,0.01200,0.16520,0.62730
E14000908,Rushcliffe,Rushcliffe,62.1,0.97706,0.00633,0.01240,0.11600,0.65950
S14000056,Rutherglen and Hamilton West,Rutherglen and Hamilton West,62.4,0.98347,0.00576,0.01210,0.17500,0.63410
E14000909,Rutland and Melton,Rutland and Melton,44.6,0.92335,0.02734,0.02290,0.17320,0.53020
E14000910,Saffron Walden,Saffron Walden,32,0.84746,0.07059,0.03430,0.26100,0.38960
E14000911,Salford and Eccles,Salford and Eccles,51.5,0.95122,0.03543,0.00610,0.15760,0.52020
E14000912,Salisbury,Salisbury,50.4,0.95688,0.01131,0.02010,0.18960,0.59200
E14000913,Scarborough and Whitby,Scarborough and Whitby,30.9,0.92458,0.02429,0.01910,0.20210,0.45770
E14000914,Scunthorpe,Scunthorpe,65.1,0.98315,0.00955,0.03260,0.16980,0.71870
E14000915,Sedgefield,Sedgefield,33,0.88902,0.03973,0.02430,0.20340,0.47600
E14000916,Sefton Central,Sefton Central,59.2,0.97792,0.00596,0.00960,0.15470,0.61380
E14000917,Selby and Ainsty,Selby and Ainsty,30.3,0.87156,0.03580,0.02960,0.24080,0.46620
E14000918,Sevenoaks,Sevenoaks,47.7,0.93064,0.01284,0.02210,0.21090,0.50950
E14000919,Sheffield Central,Sheffield Central,50.5,0.87953,0.03533,0.01590,0.20380,0.50880
E14000920,Sheffield South East,Sheffield South East,35.6,0.97780,0.00622,0.02100,0.27580,0.48400
E14000921,"Sheffield, Brightside and Hillsborough","Sheffield, Brightside and Hillsborough",55.3,0.99202,0.00570,0.03310,0.26710,0.63450
E14000922,"Sheffield, Hallam","Sheffield, Hallam",36.8,0.95802,0.00424,0.02250,0.24890,0.51880
E14000923,"Sheffield, Heeley","Sheffield, Heeley",45.8,0.98125,0.00108,0.01220,0.21300,0.52630
E14000924,Sherwood,Sherwood,55,0.97288,0.00758,0.01600,0.15040,0.62490
E14000925,Shipley,Shipley,49.4,0.96473,0.01203,0.01390,0.20390,0.56900
E14000926,Shrewsbury and Atcham,Shrewsbury and Atcham,28.7,0.87943,0.04322,0.03270,0.31100,0.43370
E14000927,Sittingbourne and Sheppey,Sittingbourne and Sheppey,47.4,0.95195,0.01314,0.01620,0.17830,0.58680
E14000928,Skipton and Ripon,Skipton and Ripon,40.5,0.85684,0.06988,0.03010,0.22210,0.41540
E14000929,Sleaford and North Hykeham,Sleaford and North Hykeham,42.7,0.92839,0.02939,0.03300,0.19380,0.56800
E14000930,Slough,Slough,54.6,0.99549,0.00335,0.02410,0.18700,0.63440
E14000931,Solihull,Solihull,65.2,0.98651,0.00879,0.00840,0.15180,0.67360
E14000932,Somerton and Frome,Somerton and Frome,35,0.81079,0.09885,0.02880,0.24830,0.42680
N06000014,South Antrim,South Antrim,38.9,0.87353,0.05945,0.03910,0.24170,0.53150
E14000933,South Basildon and East Thurrock,South Basildon and East Thurrock,58,0.95464,0.01264,0.02530,0.16410,0.59830
E14000934,South Cambridgeshire,South Cambridgeshire,51.2,0.95806,0.01034,0.02280,0.16440,0.61350
E14000935,South Derbyshire,South Derbyshire,36.1,0.91799,0.03238,0.03260,0.24050,0.54130
E14000936,South Dorset,South Dorset,30.4,0.94803,0.01244,0.01820,0.22270,0.44810
N06000015,South Down,South Down,31,0.80474,0.10084,0.05410,0.25550,0.43330
E14000937,South East Cambridgeshire,South East Cambridgeshire,49,0.94229,0.01984,0.01840,0.14520,0.58830
E14000938,South East Cornwall,South East Cornwall,33.7,0.90191,0.02985,0.03460,0.20990,0.41820
E14000939,South Holland and The Deepings,South Holland and The Deepings,28.6,0.87731,0.04142,0.02460,0.23900,0.41020
E14000940,South Leicestershire,South Leicestershire,40.7,0.96128,0.01231,0.02200,0.21600,0.55620
E14000941,South Norfolk,South Norfolk,29.4,0.86655,0.04601,0.03100,0.26800,0.42310
E14000942,South Northamptonshire,South Northamptonshire,43.3,0.92896,0.04112,0.02330,0.20660,0.56800
E14000943,South Ribble,South Ribble,47.5,0.95046,0.01515,0.02210,0.18560,0.57490
E14000944,South Shields,South Shields,65.6,0.99254,0.00480,0.01730,0.18240,0.67140
E14000945,South Staffordshire,South Staffordshire,30.7,0.92559,0.02346,0.03360,0.22960,0.47030
E14000946,South Suffolk,South Suffolk,45.6,0.92609,0.01994,0.03940,0.24000,0.46060
E14000947,South Swindon,South Swindon,60.4,0.91203,0.03523,0.01080,0.15290,0.60250
E14000948,South Thanet,South Thanet,29.3,0.95828,0.01056,0.01610,0.22030,0.43480
E14000949,South West Bedfordshire,South West Bedfordshire,55.2,0.97534,0.00776,0.00810,0.13540,0.59410
E14000950,South West Devon,South West Devon,51.8,0.91784,0.03833,0.01620,0.19230,0.55590
E14000951,South West Hertfordshire,South West Hertfordshire,57.7,0.95606,0.00885,0.01500,0.16320,0.61520
E14000952,South West Norfolk,South West Norfolk,29.4,0.86530,0.04805,0.03750,0.24930,0.42620
E14000953,South West Surrey,South West Surrey,38.7,0.94088,0.00750,0.01730,0.20000,0.55100
E14000954,South West Wiltshire,South West Wiltshire,48.8,0.94241,0.01712,0.01780,0.17440,0.55490
E14000955,"Southampton, Itchen","Southampton, Itchen",53.3,0.95900,0.01701,0.00930,0.20070,0.55810
E14000956,"Southampton, Test","Southampton, Test",59.4,0.98352,0.00862,0.00470,0.14070,0.60590
E14000957,Southend West,Southend West,45.9,0.94763,0.00012,0.00780,0.14800,0.55480
E14000958,Southport,Southport,37.8,0.98334,0.00092,0.00690,0.13950,0.50000
E14000959,Spelthorne,Spelthorne,53.4,0.98162,0.00929,0.01180,0.22010,0.55030
E14000960,St Albans,St Albans,59.7,0.97236,0.00210,0.01060,0.15350,0.65930
E14000961,St Austell and Newquay,St Austell and Newquay,28.7,0.92146,0.02069,0.02190,0.25500,0.38210
E14000962,St Helens North,St Helens North,65.9,0.97862,0.01226,0.01990,0.19580,0.64840
E14000963,St Helens South and Whiston,St Helens South and Whiston,60.4,0.98589,0.00996,0.01590,0.21200,0.59950
E14000964,St Ives,St Ives,26.1,0.91422,0.02273,0.03270,0.28320,0.33730
E14000965,Stafford,Stafford,57.7,0.95513,0.01867,0.02370,0.19760,0.64150
E14000966,Staffordshire Moorlands,Staffordshire Moorlands,40.6,0.90323,0.04767,0.02780,0.20990,0.47690
E14000967,Stalybridge and Hyde,Stalybridge and Hyde,33.1,0.95565,0.00190,0.00990,0.21020,0.48220
E14000968,Stevenage,Stevenage,69.9,0.98729,0.00371,0.01030,0.14850,0.71280
S14000057,Stirling,Stirling,28.3,0.89029,0.04652,0.02370,0.25080,0.40950
E14000969,Stockport,Stockport,63.5,0.99504,0.00095,0.00540,0.13640,0.65250
E14000970,Stockton North,Stockton North,70.4,0.96587,0.02044,0.02310,0.18400,0.66560
E14000971,Stockton South,Stockton South,65.5,0.95892,0.04006,0.01410,0.19620,0.65360
E14000972,Stoke-on-Trent Central,Stoke-on-Trent Central,63.7,0.99263,0.00497,0.01180,0.17500,0.65460
E14000973,Stoke-on-Trent North,Stoke-on-Trent North,59.2,0.99383,0.00362,0.01240,0.17380,0.64810
E14000974,Stoke-on-Trent South,Stoke-on-Trent South,50.2,0.97786,0.00252,0.01660,0.22790,0.58460
E14000975,Stone,Stone,34.9,0.88819,0.04388,0.02270,0.21800,0.44180
E14000976,Stourbridge,Stourbridge,61,0.99060,0.00340,0.00650,0.16340,0.64590
N06000016,Strangford,Strangford,34.3,0.89381,0.04925,0.02430,0.19830,0.50250
E14000977,Stratford-on-Avon,Stratford-on-Avon,37.3,0.91626,0.03310,0.02450,0.21590,0.47260
E14000978,Streatham,Streatham,42.7,0.93807,0.00202,0.00620,0.12290,0.49670
E14000979,Stretford and Urmston,Stretford and Urmston,53,0.99164,0.00155,0.01120,0.15550,0.59420
E14000980,Stroud,Stroud,38.6,0.88695,0.03192,0.02370,0.26630,0.43390
E14000981,Suffolk Coastal,Suffolk Coastal,34.8,0.90657,0.03251,0.02970,0.23510,0.45350
E14000982,Sunderland Central,Sunderland Central,47.5,0.98693,0.00420,0.01660,0.20850,0.56560
E14000983,Surrey Heath,Surrey Heath,65.3,0.97699,0.00335,0.01380,0.14020,0.70620
E14000984,Sutton and Cheam,Sutton and Cheam,62.5,0.98580,0.00012,0.00520,0.09890,0.64730
E14000985,Sutton Coldfield,Sutton Coldfield,57.1,0.98511,0.01271,0.00980,0.17350,0.62080
W07000048,Swansea East,Swansea East,66.6,0.98891,0.00253,0.01290,0.15940,0.68070
W07000047,Swansea West,Swansea West,66.5,0.99540,0.00124,0.00720,0.13360,0.67590
E14000986,Tamworth,Tamworth,55.5,0.97459,0.00992,0.01940,0.18060,0.63810
E14000987,Tatton,Tatton,43.9,0.92007,0.02287,0.02050,0.21640,0.54350
E14000988,Taunton Deane,Taunton Deane,29.6,0.89311,0.05161,0.02540,0.30280,0.43780
E14000989,Telford,Telford,58.4,0.98787,0.00084,0.00530,0.12450,0.62630
E14000990,Tewkesbury,Tewkesbury,52.4,0.93076,0.03544,0.02990,0.22840,0.53010
E14000991,The Cotswolds,The Cotswolds,87.2,0.87496,0.04609,0.03170,0.25340,0.39660
E14000992,The Wrekin,The Wrekin,54.3,0.95919,0.01442,0.01520,0.14960,0.61290
E14000993,Thirsk and Malton,Thirsk and Malton,32.4,0.84504,0.08294,0.03680,0.22180,0.46750
E14000994,Thornbury and Yate,Thornbury and Yate,57.5,0.95095,0.01773,0.02240,0.19260,0.62320
E14000995,Thurrock,Thurrock,59.4,0.96269,0.02812,0.01150,0.16990,0.61440
E14000996,Tiverton and Honiton,Tiverton and Honiton,33.1,0.80484,0.08870,0.03340,0.27280,0.34310
E14000997,Tonbridge and Malling,Tonbridge and Malling,45.8,0.92112,0.02109,0.02170,0.19280,0.52840
E14000998,Tooting,Tooting,47.7,0.96655,0.00462,0.00920,0.15800,0.56170
E14000999,Torbay,Torbay,42.9,0.95656,0.00468,0.00740,0.15570,0.44950
W07000053,Torfaen,Torfaen,42.3,0.96181,0.01063,0.02140,0.24400,0.55730
E14001000,Torridge and West Devon,Torridge and West Devon,27.4,0.80549,0.11512,0.04570,0.30580,0.38160
E14001001,Totnes,Totnes,29.6,0.84383,0.05704,0.02680,0.23710,0.36950
E14001002,Tottenham,Tottenham,56.7,0.98965,0.01465,0.00860,0.17100,0.61530
E14001003,Truro and Falmouth,Truro and Falmouth,27.1,0.90078,0.02441,0.02890,0.24430,0.34250
E14001004,Tunbridge Wells,Tunbridge Wells,43,0.92631,0.02710,0.01700,0.20100,0.53980
E14001005,Twickenham,Twickenham,65.5,0.99248,0.00463,0.00570,0.12510,0.65770
E14001006,Tynemouth,Tynemouth,64.9,0.99057,0.00485,0.02040,0.18020,0.65040
N06000017,Upper Bann,Upper Bann,34.3,0.94581,0.01281,0.02660,0.21260,0.54190
E14001007,Uxbridge and South Ruislip,Uxbridge and South Ruislip,61.8,0.96369,0.01425,0.01570,0.18030,0.67040
W07000060,Vale of Clwyd,Vale of Clwyd,30.6,0.95931,0.01319,0.01580,0.20020,0.45310
W07000078,Vale of Glamorgan,Vale of Glamorgan,47.7,0.95324,0.01863,0.02380,0.20500,0.56680
E14001008,Vauxhall,Vauxhall,48.1,0.98095,0.00007,0.00530,0.14540,0.53350
E14001009,Wakefield,Wakefield,45.1,0.97945,0.00596,0.01790,0.24240,0.53400
E14001010,Wallasey,Wallasey,48.9,0.97975,0.00703,0.01300,0.21230,0.58310
E14001011,Walsall North,Walsall North,54.9,0.98954,0.00887,0.01270,0.18110,0.61660
E14001012,Walsall South,Walsall South,50.9,0.98648,0.00147,0.01070,0.19860,0.59670
E14001013,Walthamstow,Walthamstow,60.4,0.97878,0.01703,0.00490,0.15650,0.60930
E14001014,Wansbeck,Wansbeck,30,0.96562,0.00277,0.02730,0.24140,0.48690
E14001015,Wantage,Wantage,55.4,0.95515,0.01187,0.01440,0.16490,0.57080
E14001016,Warley,Warley,46.6,0.99653,0.00097,0.01050,0.21660,0.52740
E14001017,Warrington North,Warrington North,59.5,0.97820,0.00354,0.02370,0.17530,0.65660
E14001018,Warrington South,Warrington South,55.1,0.97191,0.00235,0.01040,0.15600,0.63180
E14001019,Warwick and Leamington,Warwick and Leamington,56.9,0.97435,0.01664,0.01540,0.16070,0.65440
E14001020,Washington and Sunderland West,Washington and Sunderland West,58.2,0.97678,0.01517,0.02060,0.18400,0.65510
E14001021,Watford,Watford,65.8,0.99033,0.00223,0.01050,0.16170,0.68470
E14001022,Waveney,Waveney,33.7,0.95015,0.00906,0.03710,0.22640,0.55260
E14001023,Wealden,Wealden,31.1,0.92148,0.01758,0.01930,0.20430,0.45190
E14001024,Weaver Vale,Weaver Vale,40.6,0.95482,0.00921,0.01460,0.15980,0.52180
E14001025,Wellingborough,Wellingborough,54.6,0.98312,0.00705,0.01120,0.14250,0.60530
E14001026,Wells,Wells,29.2,0.87493,0.03906,0.02220,0.22500,0.40200
E14001027,Welwyn Hatfield,Welwyn Hatfield,60.2,0.96830,0.00783,0.01720,0.18510,0.64600
E14001028,Wentworth and Dearne,Wentworth and Dearne,37.2,0.98081,0.00811,0.01650,0.27500,0.46790
S14000058,West Aberdeenshire and Kincardine,West Aberdeenshire and Kincardine,27.6,0.79260,0.12466,0.03350,0.28280,0.38240
E14001029,West Bromwich East,West Bromwich East,51.5,0.99519,0.00520,0.00920,0.16190,0.57550
E14001030,West Bromwich West,West Bromwich West,55.2,0.99737,0.00164,0.00880,0.19790,0.60750
E14001031,West Dorset,West Dorset,30.4,0.90242,0.03232,0.03370,0.23960,0.42800
S14000059,West Dunbartonshire,West Dunbartonshire,74.5,0.99074,0.00509,0.00700,0.12510,0.68250
E14001032,West Ham,West Ham,50,0.97219,0.00575,0.00810,0.19070,0.57070
E14001033,West Lancashire,West Lancashire,29.6,0.93936,0.02238,0.01910,0.22900,0.43850
E14001034,West Suffolk,West Suffolk,35.8,0.93410,0.01518,0.02510,0.19030,0.49900
N06000018,West Tyrone,West Tyrone,30.2,0.75767,0.14927,0.07050,0.28500,0.43980
E14001035,West Worcestershire,West Worcestershire,29.3,0.86347,0.05534,0.03450,0.28030,0.43070
E14001036,Westminster North,Westminster North,33.2,0.95434,0.00002,0.00410,0.09730,0.40210
E14001037,Westmorland and Lonsdale,Westmorland and Lonsdale,45.6,0.91639,0.03157,0.03130,0.25820,0.40950
E14001038,Weston-Super-Mare,Weston-Super-Mare,29.6,0.90847,0.01975,0.01640,0.25220,0.43290
E14001039,Wigan,Wigan,59.6,0.98772,0.01159,0.00690,0.15570,0.60720
E14001040,Wimbledon,Wimbledon,65,0.99236,0.00703,0.00650,0.13900,0.68620
E14001041,Winchester,Winchester,48.1,0.94308,0.01450,0.01690,0.17160,0.55980
E14001042,Windsor,Windsor,46,0.92684,0.01327,0.01990,0.21120,0.55800
E14001043,Wirral South,Wirral South,52.7,0.96244,0.00282,0.01080,0.18300,0.56460
E14001044,Wirral West,Wirral West,32.9,0.93210,0.00889,0.00840,0.18450,0.42200
E14001045,Witham,Witham,32.3,0.88605,0.04017,0.02430,0.20310,0.43180
E14001046,Witney,Witney,44.7,0.94005,0.02951,0.01840,0.18940,0.53390
E14001047,Woking,Woking,63.5,0.97672,0.00397,0.01000,0.14890,0.67020
E14001048,Wokingham,Wokingham,56.1,0.94493,0.01759,0.01460,0.16110,0.62050
E14001049,Wolverhampton North East,Wolverhampton North East,62.8,0.99132,0.00574,0.00780,0.15950,0.65850
E14001050,Wolverhampton South East,Wolverhampton South East,59,0.99467,0.00059,0.00850,0.19270,0.62390
E14001051,Wolverhampton South West,Wolverhampton South West,60,0.98915,0.00170,0.00490,0.12610,0.62660
E14001052,Worcester,Worcester,34.7,0.98230,0.00021,0.02010,0.25770,0.57030
E14001053,Workington,Workington,30,0.93401,0.02674,0.03700,0.22240,0.44370
E14001054,Worsley and Eccles South,Worsley and Eccles South,60.1,0.98232,0.01498,0.00950,0.17620,0.63330
E14001055,Worthing West,Worthing West,55.2,0.99328,0.00010,0.00670,0.15420,0.60140
W07000044,Wrexham,Wrexham,31.1,0.97053,0.00723,0.01770,0.25690,0.50130
E14001056,Wycombe,Wycombe,41.7,0.96395,0.01278,0.01860,0.22860,0.58300
E14001057,Wyre and Preston North,Wyre and Preston North,38.2,0.94621,0.01127,0.02140,0.22280,0.49120
E14001058,Wyre Forest,Wyre Forest,47.4,0.96003,0.01418,0.01500,0.21120,0.56740
E14001059,Wythenshawe and Sale East,Wythenshawe and Sale East,65.2,0.97847,0.02905,0.01180,0.19340,0.66460
E14001060,Yeovil,Yeovil,30,0.91149,0.03062,0.02440,0.24330,0.45140
W07000041,Ynys Mon,Ynys Mon,29.4,0.89706,0.03570,0.03960,0.26740,0.41770
E14001061,York Central,York Central,48.2,0.96469,0.00531,0.00930,0.20020,0.51100
E14001062,York Outer,York Outer,38.9,0.95327,0.01260,0.03310,0.23800,0.50590