mnemonic, Industry [Census 2011]|A Agriculture; forestry and fishing (percent), B Mining and quarrying (percent),C Manufacturing (percent),D Electricity; gas; steam and air conditioning supply (percent), E Water supply; sewerage; waste management and remediation activities (percent),F Construction (percent), G Wholesale and retail trade; repair of motor vehicles and motor cycles (percent),H Transport and storage (percent),I Accommodation and food service activities (percent),J Information and communication (percent),K Financial and insurance activities (percent),L Real estate activities (percent),M Professional; scientific and technical activities (percent),N Administrative and support service activities (percent),O Public administration and defence; compulsory social security (percent),P Education (percent),Q Human health and social work activities (percent),R - U Other (percent)
E14000554,5.3,0.7,7.6,0.6,0.7,8.4,14.9,3.7,8.1,1.7,1.6,1.5,5.1,3.6,9.5,8.4,13.4,5.3
E14000569,2.3,0.4,14.8,0.4,0.8,9.6,15.1,4.2,5.5,1.7,1.7,1.1,3.8,3.7,7.1,9.4,14.1,4.4
E14000574,0.3,0.2,10.4,0.8,0.6,8.2,17.5,5.1,4.7,3,3,1.4,4.8,4.3,8.3,9.4,13.8,4.2
E14000575,0.3,0.4,11.5,0.7,0.7,8.4,15.9,4.8,4.9,3.1,3.2,1.3,4.1,4.5,10.6,7.7,13.6,4.2
E14000641,0.4,0.3,8,0.7,1.1,7.1,13.4,3.5,6.7,2.2,1.9,1,4.8,3.8,11,17,12.4,4.8
E14000658,0.2,0.2,10,0.4,0.6,7.7,17.1,5.3,5.7,4.6,4,1,4.2,4.4,7.6,8.1,14.9,4
E14000677,0.4,0.5,15.3,3.1,0.9,7.5,14.3,5.2,4.6,1.8,2.9,1.2,2.7,5,7.9,8.4,14.2,4
E14000709,0.1,0.1,10.2,0.9,0.6,7.2,16.3,5.2,6.2,3.4,2.9,1.4,4.8,5.2,7.4,9,14.5,4.7
E14000733,0.4,0.7,11.7,1.8,1.4,10,15,4.2,5.1,1.7,2.1,1.6,4,4.2,6.8,9.6,15.4,4.4
E14000746,4.1,0.4,7.8,0.4,0.7,7.4,13.3,4.2,6.1,2.9,2.5,1.8,7.4,3.3,6.3,10.7,15.2,5.6
E14000754,0.2,0.4,10.9,2.4,0.8,8.7,15.5,5.3,4.6,2.2,4.1,1.9,3.1,4.8,8,8.9,13.9,4.3
E14000765,0.1,0.6,11.7,0.9,0.7,8.8,14.9,5.1,4.6,2.7,3.1,1.4,4.2,4.5,9.5,8.9,14,4.3
E14000819,0.2,0.5,8,0.8,0.7,8.4,17.2,6.2,7.7,2.3,2.4,1.2,3.6,5.1,5.3,9.6,16.3,4.4
E14000820,0.5,2.1,9.5,1,0.7,8.6,15,4.4,5.4,2,2.2,1.3,5.1,3.9,6.5,10.7,16.5,4.5
E14000831,0.1,0.1,5.5,0.6,0.5,5.7,14.8,5.5,10.6,3.5,3,1.3,5.6,5.5,5.8,10.2,16.6,5
E14000832,0.1,0.2,5.5,0.5,0.4,5.3,14.8,3.5,10,4.1,2.7,1.5,6.9,4.6,7.2,11.4,15.5,5.8
E14000833,0.1,0.2,7.3,0.6,0.5,8,15.1,5,5.6,3.6,3.9,1.5,5.8,4.4,8.2,10.2,15.3,4.7
E14000840,0.3,0.2,12.2,1,1.1,8.4,16.7,5.1,5.1,2.1,2.6,1.3,3.8,4.2,9.7,8.8,13.1,4.2
E14000853,0.1,0.4,8.8,0.7,0.6,7.9,15.2,5,5.4,3.9,3.3,1.2,4.6,4.9,11.3,8.5,14.1,4.4
E14000856,1.3,0.6,13.2,0.5,0.9,8.7,14.1,4.4,5,1.9,1.9,1.3,4.3,3.6,8.7,9.9,15.3,4.3
E14000891,0.3,1.4,10.1,1.4,0.8,9,16.5,4.8,5.3,1.7,2.1,1.8,4.4,4.8,6.6,9.1,15.6,4.4
E14000915,1.2,0.4,15.4,0.9,0.9,7.9,13.8,4.7,5.2,2.5,2.5,1.1,4.1,3.9,7.3,9,15,4.2
E14000944,0.1,0.9,11.2,0.8,0.7,7.9,15.1,6.1,5.8,2.4,2.5,1.4,3.6,4.8,8.2,8.6,15.5,4.4
E14000970,0.3,0.6,10.5,1.2,1,8.6,17.3,5,5.6,2.1,2.6,1.1,4.8,4.9,6.1,8.9,15.1,4.3
E14000971,0.2,0.8,9.5,1.3,0.6,8,16,4.3,4.6,2.7,3.5,1.4,6.2,4.2,7.4,10.9,14.6,3.9
E14000982,0.1,0.4,9.4,1.6,0.8,7.2,15.1,4.7,7,2.6,3.9,1.8,3.2,4.8,7.1,10.1,15.5,4.7
E14001006,0.1,0.4,7.6,0.7,0.5,6.8,13.6,3.9,5,4.3,3.3,1.5,5.8,3.7,10.6,12,15.3,4.6
E14001014,0.6,0.6,9.9,0.6,0.8,7.5,14.3,4.2,5,2.2,2.2,1.3,4.2,3.8,10.2,8.8,19.4,4.5
E14001020,0.1,0.3,14.5,1.3,0.8,7.3,17.9,5.7,5.1,2.2,3.6,1.4,3.1,5.3,8.4,7.7,11.6,4
E14000532,0.2,0.1,7.1,0.5,0.6,6.5,14.8,4,4.4,5.5,5.2,1.8,11.8,5.5,4,10.4,13.1,4.6
E14000537,0.1,0,12.5,0.6,0.9,8.5,18.9,5.8,4.8,2.2,4.3,1.7,4.8,5,5.6,7.8,12.3,4.2
E14000543,0.9,0.6,19.5,1.3,0.9,7.7,14.6,3.9,6.7,1.8,1.6,0.8,3.6,3.4,5.9,8.4,14.1,4.3
E14000559,0.1,0.1,10.3,0.5,0.9,7.2,15.2,5,5.4,2.1,2.9,1.6,5.4,5.3,7,8.7,17.4,5.1
E14000570,0.1,0,15.4,0.3,0.6,5.7,19.2,4.7,5.2,2.9,1.8,1.1,3.9,4.9,5.3,10.3,14.8,3.6
E14000571,0,0,6.3,0.4,0.5,5.8,17.8,6,8.6,2.8,4.1,1.8,5.2,7.5,4.1,10.3,13.9,4.9
E14000572,0.2,0.1,7.5,0.4,0.6,7.8,15.5,4.6,9.8,2.2,2.6,1,3.6,4.1,12.3,7.8,14.6,5.3
E14000573,0.1,0.1,8.4,0.4,0.5,7.1,16.8,4.8,13,2.1,3,1,3.1,4.7,7.6,6.1,14.8,6.5
E14000578,0.1,0,10.5,0.8,0.9,8.4,18.8,5.1,5.1,2.5,3.6,1.5,5,4.9,5.6,10,12.4,4.4
E14000579,0.1,0,11.2,0.9,0.9,8.4,20.8,6.4,5,2.4,3,1.1,4.1,5.5,4.9,7.8,13.4,4.1
E14000580,0.2,0.1,10.4,0.8,1.1,8.6,17.2,4.2,4.5,2.7,3.8,1.5,6.2,4.7,6.2,10,13.3,4.3
E14000581,0.1,0.1,6.3,0.4,0.9,7.4,16.4,6.6,5.1,2.2,4.9,1.4,3.9,5.1,10.5,8.7,15.1,4.9
E14000609,0.2,0,17.9,0.3,0.7,7.4,16.7,3.8,4.8,2,2.7,1.2,3.4,4.6,5.4,8.5,15.7,4.5
E14000611,0.2,0.1,10.6,0.5,0.8,7,17,5.1,4.5,3.5,3.9,1.4,5.7,4.5,6.4,10.8,14.1,4.2
E14000612,0.1,0,7.8,0.4,0.7,7.2,17.7,4.8,4.7,3.7,4.7,1.7,6.6,4.9,5.7,10.8,13.9,4.4
E14000620,1.1,0.1,11.7,0.4,0.9,8,19.8,6.6,7.1,1.7,1.9,1.3,3.9,4.3,6.4,7.3,13.1,4.6
E14000627,0.1,0.1,7.3,0.4,0.4,6.3,16.4,5,4.1,4.6,5.6,1.7,9.5,4.5,4.7,11.5,13.4,4.3
E14000637,0.7,0.1,11,0.4,0.9,8.4,16.8,4,4.5,2.9,2.6,1.4,5.7,4.5,7,10.1,14.5,4.4
E14000640,0.6,0.2,9.3,0.6,0.7,5.1,16.2,4.1,7.9,3.4,6.3,1.4,7.6,4.1,5,10.2,12.6,4.7
E14000646,1.4,0.4,13.2,0.4,0.6,6.6,16.3,4.4,4.6,4.1,4.7,1.4,7.2,4.4,4.1,10.2,11.5,4.5
E14000647,2.4,0.3,18.3,3.5,2.8,9,11.7,2.9,8.3,1.3,0.9,0.9,4.6,4,5.3,7.7,11.9,4.1
E14000653,1,0.2,14.3,0.6,0.6,5.4,18.6,7.5,5.5,3.1,3.1,1.1,4.4,4.9,3.7,9.1,13,4.2
E14000661,0,0,11.4,0.8,0.8,8.9,18,6,4.2,2.7,4.5,1.7,5,5.2,5.6,8.5,12.1,4.5
E14000686,3.9,0.4,12.1,0.4,0.7,6.9,16.6,4.3,5.2,3.1,4.1,1.6,7.1,4.8,4.4,9.4,10.6,4.5
E14000688,0.5,0.3,13.5,0.5,1.2,7,18.4,4.1,5.6,2.3,4,1.1,5.9,4.7,5.1,8.6,13,4.2
E14000706,0.9,0.1,12.6,0.4,0.4,6.4,13.4,3.1,7.1,3.7,4.2,1.5,5.8,3.8,9.8,9.5,12.6,4.7
E14000708,0.1,0.1,8.6,0.4,0.6,6.9,16.4,6.4,5.3,2.6,3.3,1.7,4.8,4.7,7.1,11.3,15.3,4.5
E14000725,0.1,0.2,12.3,0.8,1.8,7.7,18.9,6.8,4.6,3.5,2.4,1.2,4.4,5.2,6.5,7.8,11.7,3.9
E14000738,0.2,0.1,10.1,0.9,0.5,8.1,15.9,4.7,4,3.5,4.7,1.4,7.2,4.7,5.5,10.1,13.7,4.6
E14000747,0.2,0.1,10.8,0.4,0.9,9,18.5,6.1,4.3,2.5,3.5,1.5,4.7,5,5.3,9.6,13.6,4.2
E14000758,0.3,0.1,16.7,0.3,0.7,8.1,18.1,4.9,4.7,2,1.9,1.1,3.7,4.1,5.4,9.9,14,4
E14000775,0.1,0.1,9.5,0.4,0.9,9.3,16.4,6.7,4.7,2,3.8,1.5,3.5,5.4,6.8,8.1,15.8,4.9
E14000776,2.2,0.3,7,1,0.8,7,14.9,3.8,7.9,2.2,1.9,0.8,4.2,3.4,7.1,15.6,15.2,4.6
E14000785,0.2,0.1,10.5,0.6,1,10.4,18,5.5,4.6,2.5,3.1,1.2,5,5.8,6,8,13.3,4.4
E14000793,0.1,0.1,4.7,0.3,0.4,4,14.6,4,10.8,3.9,3.2,1.7,6.9,4.6,6.1,12.9,15.2,6.6
E14000794,0.1,0.1,7.1,0.3,0.8,8.1,16.1,6.5,6.3,1.9,4,1.3,3.3,6.2,8.1,7.4,17.1,5.3
E14000795,0.1,0,5.4,0.3,0.6,6.1,14.6,4.9,7.7,2.9,3.8,1.7,5.1,4.8,6.9,12.5,17.4,5.1
E14000796,0.1,0.1,6.9,0.3,0.6,8.3,15,6.5,5.7,2.3,4,1.7,3.6,5.2,7.3,9.3,18.3,4.7
E14000802,1,0.1,11.9,0.2,0.7,6.4,14.9,3.7,4.7,4.3,4.3,1.7,10.1,5,3.5,9.1,13.6,4.7
E14000805,0.1,0.1,12.2,0.5,1.1,10.5,17.8,5.9,4.2,2.3,2.8,1.2,3.8,4.7,6.7,8.9,12.2,4.8
E14000807,0.1,0,4.8,0.4,0.4,3.9,16.7,4.3,10.5,4.4,5.1,1.6,8.9,7.2,3.9,10.4,12.1,5.5
E14000808,0.1,0,5.1,0.4,0.4,4.3,17,5.6,11.1,3.5,3.6,1.4,5.8,6.6,4,11.9,13.4,5.8
E14000809,0.1,0,4.4,0.4,0.4,3.9,12.2,3.3,7.1,5.5,4.4,1.8,10.7,4.8,4.2,15.4,16.2,5.3
E14000825,1.1,0.3,6.6,3.3,1.1,8.1,16.3,5.7,6.6,2.1,2.2,0.9,3.6,4.5,5.2,11.3,15.9,5
E14000870,0.2,0,11.5,0.4,0.8,8.8,18.2,5.5,4.9,2.3,3,1.5,5,4.5,5.4,10.3,13.5,4.2
E14000871,0.1,0,11.5,0.5,0.7,7.5,19.8,6.2,7.3,2.2,3.2,1.4,3.8,5,5,8.9,13.3,3.7
E14000875,0.7,0,21,0.1,0.5,7.2,17.5,4.3,4.8,1.9,2.5,1.3,3.8,4.4,4.4,9.2,12.5,3.8
E14000877,7.8,0.4,7.8,0.3,0.8,9.7,16.1,5.4,9.3,1.5,1.5,1.3,4.9,3.5,5.6,9,10.7,4.4
E14000885,0.3,0,11.1,0.3,0.8,6.2,20.4,5.4,7.7,2.8,2.1,1.1,3.5,5.9,6.9,8,13.2,4.1
E14000894,2,0.1,13.3,0.4,0.8,8.1,16,3.5,5.2,2.5,2.4,1.4,5.5,3.4,7.1,10.9,13.3,4.2
E14000897,0.1,0,12,0.3,0.8,7.8,18.4,6.1,5.5,2.3,2.7,1.5,3.8,4.6,5.5,9.6,15.2,3.9
E14000902,0.4,0.1,15.2,0.3,0.8,8.4,15.7,4,3.9,2.6,2.4,1.5,4.8,4.2,6.1,10.6,14.8,4.3
E14000911,0.1,0,6.8,0.6,0.7,6.8,16.9,5,7.7,3.7,5.1,1.5,6.5,6.2,5.4,8.1,14.1,4.8
E14000916,0.3,0.2,6.6,0.4,0.6,7.6,15,4.5,3.8,2.8,5.4,1.7,6,3.6,10.2,11.9,14.6,4.7
E14000943,1.9,0,10.8,0.4,0.9,8.1,16,4.2,4,2.5,2.5,1.5,5.4,4.5,10.2,10.4,12.3,4.3
E14000958,0.8,0.1,6.5,0.2,0.6,7.3,18.1,4.1,6.5,2.6,3.3,1.3,5.5,4.2,6.8,10.2,16.8,5.2
E14000962,0.3,0.1,10.6,0.6,1.3,8.7,17.8,6,4.3,2.5,2.5,1.4,4.4,5,6.1,9.6,14.5,4.2
E14000963,0.2,0.1,10.4,0.6,1.4,7.9,16.9,5.9,4.7,2.4,2.6,1.5,3.8,4.8,6.2,8.5,17.8,4.5
E14000967,0.2,0,13.5,1,0.9,8.7,16.5,4.8,4.4,2.6,3.8,1.6,5.3,4.5,5.9,9.1,12.8,4.5
E14000969,0.1,0.1,8.3,0.7,0.6,7.1,15.4,5.8,4.8,3.8,4.5,1.5,7.2,5.8,4.7,10.5,14.8,4.7
E14000979,0.1,0.1,7.9,0.6,0.7,6.6,16.8,5.8,5,3.8,4.9,1.5,6,5.6,5.4,10.1,14.5,4.7
E14000987,1.6,0.2,9.1,0.4,0.6,6,15.8,4.6,5.1,4.9,5.3,2,11,5.2,3.5,8.9,10.7,4.9
E14001010,0.1,0.1,10,0.5,1,7.1,15.4,5.1,4.8,2.2,3.1,1.7,5.3,4.9,8.3,9.6,15.8,5.1
E14001017,0.2,0.1,8.9,0.9,1.7,7.4,18.9,6.8,4.8,4.9,2.8,1,5.9,5.7,5.7,8,11.9,4.4
E14001018,0.3,0.1,8.6,1,1.9,7,16.3,5.5,4.6,5.3,3.7,1.4,7.5,4.7,5.6,9.1,13.1,4.3
E14001024,0.8,0.2,11.9,0.6,1.1,6.4,16.7,5.3,4.8,4.3,4,1.1,7.1,5.3,5.4,9.6,11.4,4
E14001033,1.9,0.1,10.8,0.2,0.9,7.2,17,5.2,5.1,2.3,3.8,1.1,4.9,4.2,5.3,11.7,14,4.3
E14001037,2.9,0.3,7.7,0.5,0.4,8.6,18.2,3.1,12.8,1.7,1.8,1.4,5.3,3.7,3.7,10.9,11.2,5.6
E14001039,0.3,0.1,12.8,0.4,1,9.4,17.9,5.3,4.9,2.3,2.5,1.3,3.9,5.2,5.9,8.8,13.2,4.7
E14001043,0.2,0.2,11.6,0.5,0.8,6.5,14.1,3.7,4.5,2.6,4.4,1.5,7.5,3.9,7.3,10.7,15.5,4.4
E14001044,0.2,0.2,8.1,0.4,0.6,7,13,3.8,4.6,2.9,3.9,1.8,7.3,3.6,8.1,12.9,16.7,4.8
E14001053,3.1,0.2,15.7,1.3,1.7,9.8,15.5,4.1,7,1.1,1.1,1.2,4,3.3,6.5,8.2,12,4.3
E14001054,0.1,0.1,8.8,0.7,1.1,8.1,18.8,5.7,5,3.2,4,1.5,5.5,6.1,5.3,8.2,13.5,4.3
E14001057,1.9,0.1,9.5,0.4,0.5,8.1,14.7,3.4,5.1,2.9,2.7,1.2,5.9,3.1,9.9,11.7,14.8,4.2
E14001059,0.1,0.1,6.2,0.4,0.5,6.4,14.9,7.4,6.9,4.3,4.2,1.6,6.6,7.4,4,9.3,15,4.6
E14000541,0.2,0.4,13,0.5,1,10.1,17.6,5.2,4.8,1.9,2.1,1.2,3.7,5,5.8,8.9,14.3,4.2
E14000542,0.3,0.4,12.5,0.6,1.1,11.5,18.3,5.2,4.5,2,2.2,1,3.1,5.6,5.6,8.4,13.8,4
E14000548,0.2,0.1,17.3,0.4,0.8,7.6,18.3,5.5,4.4,2.5,4.2,0.9,4.5,4.8,4.8,9,11.2,3.5
E14000556,2.8,0.4,10.4,1,0.5,8.6,14.6,4.4,5.1,1.8,1.7,1,5.1,3.4,9.5,11.7,14,4.2
E14000587,0.1,0.1,11.4,0.4,0.9,6,19.2,6.8,7.1,2.5,4.5,1.2,3.7,5.8,4.8,10.2,11.6,3.8
E14000588,0.2,0.1,12.3,0.4,1.2,7.8,18.7,5.5,4.6,2.1,5.4,1.2,3.9,5.7,4.9,9.5,12.8,3.7
E14000589,0.2,0,10.5,0.3,0.6,4.6,19,7.3,7.6,2.5,4.4,1.2,3.6,5.3,4.3,11.7,13,3.7
E14000596,2.4,0.4,15.4,1.5,0.9,8.4,17.1,7.5,4.4,1.7,1.9,0.9,3.9,4,5.1,8.7,12.2,3.7
E14000614,0.5,0.1,13,0.3,0.8,8.1,14.3,3.2,4.2,3,6.6,1.3,5.7,3.7,5.4,12.2,13.1,4.5
E14000643,0.9,0.5,15.2,0.9,0.5,8.9,17.7,8.3,5.3,1.2,1.3,1,3.9,3.8,5.4,9.2,12.1,4
E14000645,0.4,0.1,14,0.4,0.8,8.2,15.3,4,4.7,2.6,3.7,1.2,5.9,3.5,5.7,12,13.2,4.2
E14000666,0.5,0.1,15.4,0.4,0.9,8.2,17.7,5.3,4.3,2.3,3.6,1.1,5.1,4.2,5,10.5,11.6,3.9
E14000667,0.6,0.7,10.7,0.8,1,10.6,18,6,4.7,2,2.5,0.9,3.6,4.5,6.9,9.1,13.4,4.1
E14000668,0.3,0.4,10.8,0.6,0.8,8.4,19.7,7.9,5.4,2.4,2.5,0.8,3.2,5,5.3,8.3,14,4.2
E14000669,0.8,0.6,10.4,0.9,1.1,10.3,20.6,6.8,4.8,2,2.3,0.8,3.1,5.1,5.5,8.2,12.5,4.2
E14000683,4.4,0.2,10.5,0.4,0.6,8.2,17.1,4.2,6.6,1.8,2,1.2,4.7,3.5,7,10.1,12.8,4.8
E14000689,0.6,0.2,9.5,1,0.7,8.5,16,3.8,4.5,3.3,6.4,1.4,7.6,4.5,5.7,9.4,12.3,4.7
E14000716,0.5,0.2,16.5,0.5,0.6,7.6,19.5,7.7,5.3,1,1.3,0.9,3,4.8,4.3,8.5,13.9,3.9
E14000723,0.1,0.1,13.8,0.3,0.9,7.6,15,4.7,4.7,2.3,9.5,1.3,4.1,4.4,5.2,9.3,13,3.7
E14000724,1.9,0.3,11.5,0.8,0.5,8.2,14.8,4.1,4.3,3,2.4,1.3,5.8,3.4,7.8,11.3,14.2,4.4
E14000730,0.8,0.1,6.1,0.4,0.4,6.5,17,3.1,7,3.7,4.9,1.3,9,4.3,5.8,9.5,14.2,5.8
E14000740,0.4,0.6,9.7,0.8,0.8,8.8,21.8,6.2,4.6,1.8,2.9,1.5,3.7,4.7,5.9,8.9,12.8,3.9
E14000756,0.2,0.1,13.3,0.3,0.8,6.6,18.8,4.8,6,2.3,3.4,1.3,4.9,4.1,5,10.6,13,4.4
E14000766,0.5,0.1,11.7,0.3,0.6,7.7,16.7,4.7,5.1,2.6,4.9,1.3,5.8,4,4.6,10.7,14.3,4.3
E14000771,0.3,0.2,15.4,0.9,0.7,9.3,18.8,6.1,5.2,1.6,1,0.9,3,5.5,6.3,7.2,13.3,4.2
E14000772,0.4,0.2,14.3,0.9,0.5,7.8,17.2,4.6,6.9,2.1,1,1,3.4,5.6,5.7,10.6,13.5,4.5
E14000773,0.5,0.2,15.3,0.6,0.6,8.2,18.6,5,6.5,1.8,1.3,0.9,3.5,5.8,5.4,7.6,14.1,4.1
E14000777,0.1,0,8.3,0.8,0.8,5.7,17.3,5,9.4,3.7,5.5,1,6.3,6.8,3.4,8.2,12.9,4.8
E14000778,0.1,0,8.8,1.2,0.8,8.8,16.6,5.6,6.4,2.4,4.6,1.2,4.2,6.1,4.6,8.3,16,4.3
E14000779,0.1,0.1,5.2,0.8,0.5,4.9,12.9,3.2,4.8,4.5,5.5,1.8,9,4.4,5.5,13.9,18,5
E14000780,0.3,0.1,5.8,0.5,0.5,5.7,15.2,2.8,8.9,3.9,5,1.6,8.2,4.4,4.8,13.8,13.1,5.5
E14000781,0.1,0,9.4,0.8,0.6,7.3,16.7,5.6,6.3,3.1,5.6,1.1,5.7,5.9,4.6,9.7,12.5,5
E14000826,0.2,0.1,10.3,0.8,0.7,9.2,18.5,4.9,3.8,3.5,6.6,1,5.4,4.6,6.2,8.6,11.7,3.9
E14000836,0.3,0.7,13.8,1.5,1,8.2,20.2,6.2,5,1.7,3.4,1.4,3.4,4.8,5.1,7.3,12.1,3.9
E14000876,0.9,0.1,11.8,0.4,0.9,9.7,15.2,4.2,4.1,2.7,3.6,1.5,5.1,3.7,6.2,10.6,14.7,4.5
E14000886,0.2,0,9.1,0.6,0.6,7.7,14.4,3.7,4,4.1,6.8,1.5,8,4.6,5.6,12.3,12.3,4.4
E14000895,4.7,0.4,7,0.3,0.5,7.3,13,3.2,6.5,1.8,1.5,1.3,4.7,3.6,19.9,8.2,11.4,4.6
E14000903,0.4,0.5,13.1,0.6,1,9.6,16.6,5.2,4.1,2.7,3.5,1,4.3,4.2,5.9,10,13.2,4.1
E14000904,0.2,0.2,14.2,0.6,1.1,8.8,18.7,6.1,5.3,1.9,2.5,0.9,3.2,5.5,4.8,8.5,13.5,4
E14000913,2.1,0.9,10.4,0.4,0.5,8,16.4,3.6,12.1,1.3,1.3,1.2,3.8,3.5,4.6,9.1,15.6,5.4
E14000914,1,0.3,22.3,0.6,0.8,7.3,17.5,5.7,5.5,1.1,1.8,0.9,2.7,4.1,4.5,7.7,12.9,3.5
E14000917,2.6,0.4,11.2,1.8,0.9,8.2,16.1,4.8,4.8,2.8,3.9,1.2,6.5,4.5,5.4,9.4,10.9,4.6
E14000919,0.1,0,6.2,0.2,0.4,4.1,15,3,10.4,4.3,3.4,1.2,6.5,4,4.6,14.8,15.6,6
E14000920,0.1,0.1,12.2,0.4,0.9,10.2,17.6,5.6,4.8,2.8,3.8,1.3,4.5,4.3,5.7,8.6,13,4.1
E14000921,0.1,0,11.1,0.2,0.9,7.7,16.2,5.9,5.7,2.2,2.6,1.3,3.5,5.2,4.5,8.9,19.1,4.8
E14000922,0.3,0.1,6.3,0.2,0.4,6.2,11.3,2,4.5,3.9,4.5,1.7,8.1,2.6,6.5,18.3,18.6,4.4
E14000923,0.1,0,9.7,0.3,0.8,8.8,16.1,4.3,5.1,3.1,3.3,1.5,4.6,4.3,5.8,11.6,15.7,5
E14000925,0.3,0.1,10.6,0.4,0.7,6.9,15,3.4,4.1,3.1,6,1.7,6.5,4.4,6.5,13.2,12.8,4.4
E14000928,4.6,0.3,8.8,0.2,0.6,8.8,15.7,3.4,7,2.2,3.8,1.2,6.3,4.1,6.1,10.5,11.4,5
E14000993,6.4,0.2,10.4,0.3,0.6,8.2,15.7,3.4,7.4,1.7,2,1.5,5.7,3.7,6.4,9,11.1,6.4
E14001009,0.3,0.1,11.1,0.6,0.8,8.7,19.1,6.1,5,2.5,3.5,1.2,4.4,5.1,6.8,8.4,12.3,3.9
E14001028,0.3,0.5,12.7,0.7,1,11,17.7,5,4.1,2.3,2.7,0.8,3.3,6.4,5.5,9.3,13,3.7
E14001061,0.2,0,6.1,0.2,0.4,6.1,16.1,4.5,10,3.1,4.8,1,6.2,4.5,5.6,12.5,13,5.6
E14001062,0.9,0.1,7.4,0.4,0.5,7.7,16.4,4.9,5.4,3.3,4.8,1.2,6.3,3.8,6.9,11.8,13.6,4.6
E14000533,0.4,0.2,20.1,0.7,0.8,9.7,17.2,5,4.3,1.9,1.5,1.2,4.1,4,5.1,8.4,11.3,4.1
E14000535,0.3,0.4,17.6,0.9,0.7,9.4,19.3,5.9,4.5,1.7,1.4,1,3.5,4.2,4.7,7.5,13.3,3.7
E14000546,1.4,0.9,13.3,1.2,0.8,8.4,19.1,5.6,4.9,1.7,1.8,1.1,3.4,3.4,5.3,8.4,14.9,4.3
E14000577,0.8,0.8,15.3,0.5,1,8.9,19,5.6,4.9,1.8,1.7,1,3.5,4.2,5,7.7,14.2,4.2
E14000582,4.9,0.1,14.6,0.3,0.8,6.3,20.1,4.9,7.5,0.9,1,1.2,2.8,5.7,3.4,7.1,13.8,4.6
E14000583,1,0.3,13.9,2.3,0.8,8.3,18.7,5.7,4.3,2.6,2.8,1,5.4,4,4.5,9.7,10.5,4.1
E14000607,0.2,0.1,10.9,1.1,0.5,7.5,17.1,4.3,4.1,3.7,2.4,1.1,5.9,3.9,6.6,13.7,12.7,4.2
E14000625,0.4,0.2,12.9,1.1,0.7,9.2,17.9,3.9,3.7,2.4,3.2,1.2,5.7,4,5.9,11.1,12.2,4.4
E14000632,0.2,0.3,11.2,0.4,0.8,7.7,18,5.5,5.1,3.3,2.1,1,4.4,4.2,5.6,9.4,16.4,4.5
E14000648,1,0.1,18.7,0.3,0.8,7,20.6,6.8,3.8,2.5,1.9,0.9,4.3,5.1,4.3,8.8,9.4,3.9
E14000660,1.6,0.1,12.3,0.4,0.8,7.8,17.8,6.1,4.6,3.4,3.6,1.4,6.7,4.7,4.6,9.9,9.8,4.6
E14000662,0.1,0.1,14.5,0.6,0.8,6.5,16.3,5,6.2,3,2.4,1.1,5,4.2,4.4,10.3,15.3,4.2
E14000663,0.2,0.1,17.1,0.7,1,5.8,16,7.1,6.6,2.2,2.1,1.1,3.9,5.5,3.8,8.2,14.7,4
E14000664,3.6,1.1,11.6,0.4,1,8.5,13.7,3.9,7.1,2.6,1.6,1.6,6.6,3.6,5.1,11.2,11.4,5.6
E14000695,0.2,0.1,16.6,0.9,0.7,8.8,18.4,6.4,4.6,2.6,2.1,1.1,4.5,4.2,4.7,9.1,11,3.9
E14000707,4.2,0.3,11.1,1.1,1.1,8.5,15.8,4.6,4.2,1.6,1.5,1.1,4.7,3.6,7.6,10.8,14,4.2
E14000710,0.2,0.1,9,1.2,0.7,9.2,17.8,4.6,4.2,3,2.6,1.6,5.3,4,7.2,10.8,13.8,4.5
E14000714,1.8,0.2,13.2,0.5,0.9,7.6,17.6,4.3,5.2,2.8,2.8,1.2,5,4.6,6.6,9.4,11.6,4.9
E14000728,0.7,0.1,10.7,1,0.5,7.4,18.4,3.8,4.3,2.9,3.8,1.2,6.2,4.6,5.9,12.2,12.2,4.3
E14000748,1,1,13.3,0.4,0.6,7.6,14.4,4.7,5.3,2.7,2.9,1.3,6.5,3.9,4.8,11.6,13.2,4.7
E14000769,0.5,0,13.7,0.4,0.8,8.1,19.4,5.5,4,2.8,2.5,1,5.2,4.6,4.5,9.3,13.9,4
E14000782,0.1,0.1,19.7,1.5,0.3,4.6,20,5.1,4.9,2.2,3.3,1,3.3,5.1,4.4,8,12.9,3.4
E14000783,0.1,0,12.5,1.6,0.4,4.4,18,4.7,6.7,2.4,2.9,1,4.4,5.2,4.9,13.6,13.1,4.2
E14000784,0.1,0.1,12.8,1.3,0.8,6.5,18.8,6.6,6.4,2,2.5,1,3.4,6,4.4,8.7,14.4,4.2
E14000792,0.8,0.1,10.5,0.5,1.3,7.7,18.6,4,6.7,2.4,1.2,0.9,3.6,4.5,9.6,8.8,14.2,4.4
E14000797,0.6,0.4,13.2,0.7,0.7,6.8,16.9,4.2,6,2.7,2.1,1,6.1,3.7,4.4,15.7,9.6,5.2
E14000798,4.6,0.3,9.9,0.4,1.1,8.2,16.5,4.3,7,1.4,1.1,1.3,4.1,3.5,7.7,10.1,13.6,4.9
E14000810,0.4,1,12.3,0.8,0.8,9.7,19,5,5.9,1.6,1.9,1,3.3,4.3,6.2,8.1,14.3,4.3
E14000814,0.4,0.2,15.9,0.8,1,7.7,14.6,4.6,4.3,3.1,2.3,1.3,6.1,3.6,5.4,11.7,12.8,4.3
E14000829,2.1,0.3,11.1,1,1,8.4,16.6,4.3,5.2,3.5,2,1.3,5.9,3.8,7.2,9.6,11.8,4.8
E14000843,0.8,0.3,13,0.4,0.8,9.5,17.6,4.5,4.6,2.6,2.9,1.4,5,3.8,5.6,9.5,13.2,4.5
E14000858,0.9,0.9,14.6,0.9,0.7,8.9,17.4,7.8,4.7,2.5,1.9,1,5.4,4.5,4.3,9.9,9.7,4.2
E14000861,0.1,0,9.9,0.6,0.5,7.9,18.7,7.3,4.7,2.7,5.5,0.8,4.2,5.1,4.5,9.5,13.6,4.2
E14000862,0.1,0,9.6,0.6,0.6,6.9,19.3,9,5,3.2,5.2,0.8,4.4,5.7,4.4,7.6,13.1,4.4
E14000865,0.2,0.1,7.4,1.4,0.5,5.2,17,4.8,8.8,3.9,2.3,1.6,5,6.4,5,11.2,14,5.2
E14000866,0.1,0.1,9.7,1.3,0.8,8,18.8,6.3,6.4,2.1,1.8,1.5,2.9,6.4,4.4,8.1,16.7,4.6
E14000867,0.2,0.1,8,1.2,0.4,5.4,17.5,5.1,8.3,3.9,2.7,1.3,5.7,5.2,4.3,12.3,13.6,5
E14000908,0.9,0.2,8.1,1,0.5,6.3,15.2,2.9,4.1,4.8,3.3,1.4,9.3,3.7,6.6,14.7,11.9,5.1
E14000909,2.6,0.1,13.8,0.4,0.7,7.3,15.4,3.5,4.9,2.5,2.4,1.2,6.5,4,8,11.4,9.9,5.1
E14000924,1.3,0.7,11.6,1.2,0.7,9.5,16.8,4.6,5.7,2.2,2,1.2,4.3,4.1,6.5,9.2,13.8,4.5
E14000929,3,0.2,9.9,0.5,1.1,8.2,15.9,4,4.6,2.3,1.7,1,4.8,3.6,12.9,9.4,12.8,4.3
E14000935,1.2,0.3,17.1,0.8,0.8,7.8,16.2,6.3,4.4,2.6,1.9,1,5.5,4.2,3.9,9.5,12.1,4.3
E14000939,5.4,0.1,15.4,0.4,0.7,7.9,20.2,6.3,3.6,1.8,2.5,0.9,4.4,5.9,3.9,7.3,9.8,3.7
E14000940,1,0.2,11.4,1.5,0.6,9.1,19.7,5,4,2.7,3.7,1,5.2,4,5.5,10.3,11.1,4.1
E14000942,1.4,0.1,10.2,0.4,0.6,7.4,17.3,4.6,3.9,4.6,5,1.3,7.4,4.9,5.4,10.2,9.8,5.6
E14001025,0.5,0.1,13.2,0.3,0.8,8.1,20.8,7.2,3.5,2.9,3.4,1.1,4.8,5.1,5.1,8.9,10.3,4.1
E14000531,0.1,0.1,13.9,0.5,1.1,10.2,17.6,4.9,3.9,1.9,3.6,1.5,4.5,4.2,5.3,10.8,11.8,4.2
E14000560,0.1,0,6.8,0.4,0.4,5,12.9,3.6,6.2,3.2,4,1.8,7.4,4.5,5,13.8,19.9,5
E14000561,0.1,0,11.2,0.4,0.8,7.4,17.8,6.5,5.7,2.6,3.1,1.3,4.2,5.6,4.6,10,14.2,4.5
E14000562,0.1,0,7.9,0.5,0.5,5.1,15.9,6.1,6.1,3.8,4.2,1.5,6.5,4.8,4.6,14.4,13.2,4.6
E14000563,0.1,0,11.1,0.4,0.6,5.3,19,9.9,7.1,2.1,3.1,1.2,3.3,6.5,3.7,10.2,12.8,3.7
E14000564,0.1,0,7.4,0.3,0.5,3.3,15.4,5.5,10.7,3.5,4.6,1.4,7.3,6.5,4.3,10.6,13.7,4.8
E14000565,0.1,0,9.6,0.4,0.7,7.6,14.2,4.5,5,2.6,3.8,1.4,4.5,5.2,5.1,12.1,18.6,4.5
E14000566,0.1,0,10.9,0.5,0.7,5.7,17.1,6.8,6.1,2.6,4.2,1.5,4.3,5.6,5.6,10.5,13.3,4.5
E14000567,0.1,0,7.7,0.4,0.7,6.2,13.8,3.9,5.7,3.3,3.7,1.5,5.8,4.3,5,16,16.6,5.4
E14000568,0.1,0,11.1,0.7,0.8,7.5,17,7.1,6.5,2.8,3.8,1.3,3.9,5.9,4.3,9.6,13.3,4.2
E14000605,0.7,0,10.8,0.6,0.7,8.2,14.5,3,4.5,3.7,3.9,1.7,7.3,4.5,5.4,11.7,14.1,4.7
E14000610,1.1,0.2,16.9,0.6,0.8,7.8,17.8,6.6,5.4,2.2,1.5,0.8,4.1,4.5,3.9,8.7,12.5,4.5
E14000618,0.3,0.1,14.3,0.7,1.4,11.6,18.9,5.8,4.8,1.7,2,1,3.5,4.3,5.8,7.7,11.8,4.1
E14000649,0.2,0.1,11.6,0.6,0.8,5.3,18.4,7.9,5.8,2.9,3.6,1.2,3.6,5.6,3.9,9.3,14.8,4.3
E14000650,0.2,0.1,12.2,0.9,0.9,6,16.8,6,5.3,3.1,3.8,1.4,4.5,5,5.1,12.8,11.4,4.6
E14000651,0.2,0,10.7,0.8,0.8,4.8,17.2,5.6,5.9,3.8,3.9,1.3,5.5,5,4.8,13.7,11.2,4.8
E14000671,0.1,0.1,14.7,1.2,0.9,9.7,17.6,4.7,4.5,2.1,2.9,1.2,3.5,4.5,6.2,9.2,13,3.9
E14000672,0.1,0,15.5,1.3,1,9.2,18.3,4.3,4.1,2.3,2.5,1.1,3.9,4.4,6,9.1,13.2,3.8
E14000722,0.1,0,12.9,1,0.8,8.6,17.8,5,4.3,2.4,3.9,1.4,4.9,4.3,5.9,10.3,12,4.5
E14000743,3.8,0.1,13.5,0.3,0.8,8.4,17.4,3.2,5.7,2.2,1.8,1.4,4.4,4.5,5.8,8.9,13.4,4.4
E14000767,1.7,0,10.2,1,0.7,6.5,14.4,3.4,4.8,4.7,3.3,1.5,9.4,4.2,5.3,12.9,10.6,5.3
E14000791,1.3,0.1,11.8,0.5,0.8,8.7,16.8,4.5,4.8,3,3,1.3,6.2,4.3,5.6,10.8,11.7,4.7
E14000799,5.7,0.2,12.2,0.5,0.9,9.2,15.7,3.1,5.9,2.5,2.1,1.7,5.6,3.9,4.3,9.9,11.4,5.3
E14000812,0.3,0,10.7,1.3,0.9,7.9,15.8,5.1,5.1,3.8,4.8,1.6,6.9,5.8,4.4,9.7,11.6,4.3
E14000818,2.4,0.1,12.7,0.6,0.8,7.8,17.9,4.2,5,2.9,2.7,1.5,6.6,4.8,5.7,8.8,10.9,4.5
E14000834,0.4,0.1,11.5,0.5,0.7,8,19,4.8,5.1,2.8,2.7,1.3,4.2,4,4.4,11.2,14.6,4.7
E14000847,7.3,0.2,11.5,0.3,0.6,9.1,15.8,2.9,4.7,2.1,1.7,1.8,5.8,4.3,5,9.6,12.3,4.9
E14000849,4.2,0.2,11.9,0.3,0.8,8.3,16.2,4.5,5.3,2.5,1.6,1,4.6,4.1,6.8,9.9,13.3,4.3
E14000854,0.7,0.4,13.8,0.6,1,8.2,17.9,8.6,5,2.5,3.1,1.1,4.1,4.9,4.6,8.6,10.6,4.4
E14000868,0.3,0.4,13.7,0.7,0.8,6.2,19.7,8.1,4.3,2.5,2.5,0.9,4,4.4,5.2,9,13,4.2
E14000892,0.7,0,18.6,0.5,0.7,7.3,18.5,4.5,4.2,3.4,2.5,1,5,5.3,4.8,7.7,11.7,3.6
E14000905,0.7,0.1,12.2,0.8,0.6,6.8,18.4,8.7,4.7,3.4,2.5,1,5.5,4.5,5.6,9.8,10.7,4.2
E14000926,2.1,0.1,8,0.3,1.1,7.9,16.8,4,5.5,3,2.1,1.3,5.6,3.8,6.8,10.4,16.7,4.6
E14000931,0.1,0,9.3,1.7,0.7,7.7,15.3,3.9,4.5,4.9,5.4,1.5,7.4,4.9,5.4,11.2,11.8,4.3
E14000945,0.8,0.1,12.4,0.6,1,10,16.8,3.8,4.2,2.5,3.8,1.6,5,4,6.6,10.5,11.7,4.6
E14000965,1.1,0.1,9.4,1.1,0.8,7.1,16.6,4.7,5.1,2.7,2.1,1.2,4.7,4.1,10.2,9.8,14.6,4.7
E14000966,2.5,0.3,14.1,0.5,0.8,8.6,15.6,4.4,4.5,2,4.5,1.4,4.9,4,4.4,9.2,13.1,5.1
E14000972,0.1,0.1,11.6,0.8,0.5,7.3,20.2,6.5,6.3,2.3,2.5,1,2.8,5.1,3.8,7.7,15.5,6
E14000973,0.2,0.2,15.6,0.8,0.7,8.7,19.6,6.5,4.9,2.2,2.8,1,2.9,4.9,3.7,7.4,13.3,4.7
E14000974,0.1,0.2,14,1.2,0.7,8.1,19.4,6.4,4.8,1.8,2.7,1,3.2,4.6,4.4,8,14.6,4.7
E14000975,2.8,0.2,12.4,0.6,0.7,7.9,14.9,4,4.7,2.8,2.6,1.2,5.5,4,6.1,10.9,13.3,5.4
E14000976,0.1,0,13.6,1,0.8,8.9,18,4.2,4,2.5,3.1,1.2,5.5,4.2,6.1,10.4,12.3,4.1
E14000977,2.3,0.1,8.9,0.6,0.8,7.3,16.7,3.2,7,4.2,4.4,1.8,8.7,5.6,3.5,9.7,9.3,6
E14000985,0.1,0.1,9.1,0.6,0.7,7.5,14.6,3.7,4,3.7,5.1,1.7,8.3,4.1,5.8,13.3,12.8,4.6
E14000986,0.6,0.2,13.2,0.5,0.8,8.3,20.4,8.1,5,2.6,3.3,1,4.6,5.2,4.4,8,9.2,4.7
E14000989,0.4,0.1,18.5,0.5,1,6.7,17.2,4.1,5,4.2,2.7,1.2,3.1,5,7.6,8.3,10.3,4
E14000992,1.7,0.1,14.1,0.5,1,6.1,15.5,3.7,4.6,4.1,2.6,1.3,4.1,4,11,10.3,11.2,4
E14001011,0.1,0,16.1,0.5,1.4,9.4,20.3,6.4,4.2,1.2,2.6,1.4,2.7,4.7,4.3,8.2,12.8,3.9
E14001012,0.1,0,13.5,0.5,1,6.7,19.8,6.6,5.8,2.1,3.1,1.4,3.5,4.7,4.6,10.1,12.8,3.8
E14001016,0.1,0,12,0.8,0.8,6.2,16.9,6.9,5.9,2.2,3.3,1.5,4.2,5.6,4.8,10.1,14.2,4.4
E14001019,0.3,0,10.8,1.6,0.7,5.2,15.3,3.4,5.7,5.9,2.6,1.2,9.4,4.6,4.7,11.4,12.3,5
E14001029,0.1,0,14.6,0.7,1.2,7.9,17.9,6.8,4.8,1.9,3.2,1.4,3.4,5.4,4.7,8.3,13.5,4.3
E14001030,0.1,0,16.9,1.2,1.4,8.1,19.4,6.5,4.6,1.6,2.8,1.3,2.9,5.3,4.6,7.6,11.9,3.9
E14001035,2.9,0.1,11,0.5,0.8,8,15.1,2.8,4.9,3.6,2.4,1.7,8,4.5,5.5,11.2,12.1,5
E14001049,0.2,0,13.8,0.5,1.1,8.2,17.5,6.5,5.2,1.7,2.9,1.3,2.8,5,5.2,8.2,15.5,4.2
E14001050,0.2,0,16.1,0.8,1.2,7.4,19.6,6.6,4.9,1.8,2.9,1.2,2.9,4.8,4.7,8.1,13,3.8
E14001051,0.2,0,11,0.6,0.8,6.7,15.6,5,5,2.8,4,1.7,4.7,4.2,6.2,12.7,14.2,4.5
E14001052,0.2,0.1,11.8,0.8,0.7,6.2,17.5,4.7,5.6,3.3,2,1.8,5.3,4.4,6.9,10.8,13.1,4.6
E14001058,0.7,0.1,15.3,0.5,1,7.9,18.5,4.8,4.8,2.4,2.1,1.8,4.7,4.4,4.8,9,12.4,5
E14000544,0.2,0,8,0.4,0.8,10.6,15.6,5.8,4.1,3.5,10.6,1.3,6.2,4.8,4.5,8.4,10.7,4.4
E14000552,0.3,0,8.7,0.7,0.9,6.9,18,6.2,5.2,3.6,2.4,1.2,5.8,5.3,6.1,11,13.3,4.5
E14000590,1.2,0,10,0.2,0.8,11,16.7,6.2,4,2.9,4.4,1.6,6.1,4.8,5.7,9,11,4.5
E14000594,0.7,0,5.7,0.3,0.6,10,12.8,4.2,3.9,4.3,11.9,1.6,8.2,4.6,5,10.4,10.7,4.9
E14000603,2.5,0.3,9.3,0.5,0.7,9.6,17,3.7,5.3,2.3,5.2,1.3,5.4,4,5.3,9.3,13.3,5
E14000606,0.3,0,6.5,0.4,0.8,12,19.3,6.4,4.2,3.7,5.7,2,6.3,5.4,5.1,8.8,8.1,4.9
E14000613,1.7,0,10.8,0.7,0.6,8,17.1,4.6,4.7,2.6,2.6,1.3,5.4,4.2,8.8,8.6,13.2,4.9
E14000617,0.2,0.1,4.9,0.2,0.4,3.6,10.8,2.5,6.5,8.1,1.6,0.9,14.3,4,2.7,23.1,11.3,5.1
E14000622,0.1,0.1,8.6,0.5,1.1,12.5,16.3,6,3.5,2.6,9.5,1.4,5.4,4.4,4.8,8.6,10.1,4.6
E14000624,2.9,0.1,7.3,1,0.7,9.2,15.9,6.2,4.2,4.7,4.9,1.3,5.4,4.3,5.5,9.9,11.7,4.7
E14000628,0.3,0.1,6.5,0.3,0.7,7.8,14.9,4.6,4.3,4,9.8,1.4,7.5,4.3,7.1,10.2,11.7,4.7
E14000642,0.9,0.1,6.5,0.4,0.9,10.3,19.4,6.2,5.8,2,2.9,1.5,3.6,4.3,4.9,9.2,15.4,5.7
E14000644,0.2,0.1,6.1,0.3,0.6,7.4,16,4.5,5,3.6,5.4,1.3,5.2,4.6,9.5,11,14.6,4.7
E14000693,0.3,0,5.1,0.2,0.7,10.4,14.5,5.3,3.5,4.2,9.1,2.3,8.4,5.3,5.1,9.9,10.1,5.7
E14000717,1.1,1.6,9.4,0.6,0.7,8.1,18,4.9,9.5,1.2,2,0.9,4.8,4.7,4.4,7.7,14.7,5.4
E14000729,0.3,0,9.3,0.3,0.8,9.9,19.8,6.6,4.4,3.5,3.3,1.2,5,5.4,4.6,8,13.2,4.3
E14000734,1.6,0.1,7.4,0.4,0.7,9.3,15.9,6.6,4.6,3,4.7,1.4,5.7,4.6,4.9,11.7,12.7,4.7
E14000739,0.3,0.1,6.5,0.3,0.5,9.1,18.6,6.1,4.6,6.3,3.7,1.2,7,5.9,5.1,8.9,10.4,5.3
E14000744,0.3,0.1,8.3,0.2,0.5,8.4,15.7,5.3,4.3,4.9,6.4,1.6,9.5,5,5.8,10.5,8.8,4.4
E14000745,0.2,0.1,4.5,0.3,0.4,7.8,16.6,4.7,4.2,5.7,5.8,2.7,9.3,5.5,4.5,10.4,11.2,6.2
E14000749,0.5,0.1,7,0.3,0.5,6.9,14.1,3.4,3.6,6.7,6.5,1.8,12.2,4.5,5.4,11.4,10,5.2
E14000757,0.6,0.1,13,0.3,1,7.3,15.5,4,4.5,4.4,2.6,1.6,7.2,4.7,7.7,8.9,11.3,5.4
E14000761,0.4,0,8,1,0.6,7.7,16.9,7.4,5.8,4.3,6.2,1,3.9,5.1,5.4,7.9,14.2,4.1
E14000800,0.1,0,9.2,0.2,0.5,8.7,16.7,9.1,5.1,3.2,2.8,1.5,4.7,5.7,4.8,10.5,13,4.1
E14000801,0.2,0,9.2,0.2,0.6,7.8,18.5,10.6,7,3.5,2.5,1.4,4.8,6.8,4.1,9.6,8.8,4.5
E14000806,1.1,0.1,9.9,0.6,1.1,11.1,15.9,4.4,3.7,2.9,7.3,1.6,6.9,4.5,5.2,9.3,9.7,4.8
E14000813,0.9,0.1,8.8,0.4,0.7,9.7,15.5,4.9,3.8,4.4,3.5,1.5,7.4,4.5,7.8,11.6,9.5,4.9
E14000816,4,0.2,10.5,0.2,0.8,9,16.8,4.2,4.3,1.9,3.7,1.4,5,4.1,6.9,9.5,12.9,4.7
E14000841,1.2,0.1,10.2,0.4,0.7,9.6,16.2,4.4,3.4,4.6,3.3,1.5,7.4,4.2,6.4,10.7,10.4,5.3
E14000842,3.3,0.1,15,0.3,1,9.8,17.1,5.6,3.4,2.2,2.2,1.2,4.6,5.8,5.9,7.7,10.9,4
E14000845,1,0.1,10.9,0.2,0.6,8.4,16.6,3.8,3.7,4.7,3.9,1.8,9.1,4.8,5.2,10.2,10,5
E14000848,3.4,0.4,8.5,0.5,0.7,8.9,17.3,3.7,8.2,1.7,2.5,1.5,5,4.8,4.4,9.3,13.6,5.6
E14000855,1.3,0.1,10.9,0.3,0.9,7.2,16.3,4.5,4.1,4.4,4.8,1.4,6.1,5.3,8.4,8.5,11,4.4
E14000859,2.7,0.2,13.5,0.4,0.8,9.2,18.1,3.8,6.5,1.3,2.1,1.4,3.8,4.4,4.4,8.4,14.6,4.6
E14000863,0.3,0.2,9,0.3,0.8,9,19.2,4.5,5.7,2.7,6.8,1.3,4.5,4.7,5.4,7.8,12.6,5.2
E14000864,0.3,0.2,6.2,0.2,0.5,6,16.4,3.1,7.5,3.6,6.3,1.4,6.5,4.4,4.6,13,14.5,5.2
E14000878,1,0,12.4,0.3,0.8,5.8,19.4,7,5.1,3,4.3,1.1,3.7,8.4,4.9,7.8,10.9,4
E14000888,0.3,0,8.4,0.4,0.7,10.8,14.6,5.1,3.3,3.3,12,1.5,6.6,4.1,5.7,8.7,9.9,4.5
E14000899,0.3,0,7.1,0.3,0.8,8.1,14.6,5.3,5.2,3,10.4,1.6,5.2,5.3,6.2,9.1,12.5,5.2
E14000910,1.6,0,8.2,0.2,0.6,9.4,14.7,5.6,3.8,3.7,6.2,1.6,8.8,4.8,5.6,10.7,9.9,4.6
E14000933,0.3,0,8.8,0.6,1.2,11.1,18.3,7.4,4.1,2.7,6.6,1.3,4.6,4.9,4.7,7.8,11.4,4.2
E14000934,1.2,0.1,8.6,0.2,0.6,6.5,12.7,2.8,3.7,6,2.4,1.3,12.6,4,4,15.8,13.1,4.6
E14000937,2.4,0.1,9.3,0.2,0.7,8,13.5,3.8,3.6,5.6,2,1.4,10.2,3.8,5,13.1,11.5,5.7
E14000941,3.1,0.3,9.2,0.3,0.6,8.6,16.3,3.9,4.2,2.4,5.3,1.7,6.6,3.9,5.3,10.4,13.4,4.5
E14000946,2,0.1,11.9,0.5,0.7,9.4,15.5,4.4,5,3,4.4,1.5,6.2,4.4,5.7,9.7,11,4.5
E14000949,0.3,0.1,10.2,0.2,0.6,9.1,18.8,6.4,4.1,4.5,3.1,1.6,6,5,5.1,10.3,9.6,5
E14000951,0.3,0.1,5.7,0.3,0.6,7.9,14.5,4.1,4,7.1,5.3,1.9,10.9,5,5.3,11,10.1,5.9
E14000952,4.2,0.1,14.4,0.3,1,8.5,16.2,5.1,5.4,1.4,1.8,1.1,3.7,4.4,8.9,7.8,10.1,5.6
E14000957,0.1,0,6.7,0.3,0.5,8.5,13.6,4.5,4.2,3.3,11.6,1.6,6.2,4.3,5.8,10.7,12.9,5
E14000960,0.3,0.1,4.9,0.2,0.5,6.4,14.8,3.7,3.9,7.7,6.4,1.6,12.3,4.5,4.6,11.9,10.9,5.5
E14000968,0.2,0,9.1,0.3,0.6,9.3,18.5,5.1,4.8,5,3.7,1.3,6.3,5.1,5.4,8.1,12.3,4.8
E14000981,2.3,0.1,6.4,1.7,0.6,7.1,14.5,10.5,6.4,4.2,2.6,1.3,5,4.3,6.5,9.1,11.7,5.6
E14000995,0.1,0.1,6.7,0.6,1.2,9.1,20.5,10.5,4.4,2.9,6.4,1.3,4.7,5.6,5,7.6,9.5,3.7
E14001021,0.1,0.1,5.5,0.3,0.6,8,17,6,4.7,6.4,4.7,1.5,7.4,5.5,5.1,9.5,12,5.6
E14001022,1.3,1.1,11.7,1.1,1.1,9.2,17.6,4.1,7,1.3,2.1,1.2,5,4.5,5,8.9,13.1,4.7
E14001027,0.2,0.1,6.8,0.3,0.9,7.1,20.9,4.7,4.7,5.4,4,1.3,7.5,5.4,4.8,9.7,11.3,5.1
E14001034,2.3,0.1,12.4,0.3,0.7,8.3,14.8,5,4.8,2.3,2.1,1.2,5.6,4.6,6.4,6.9,10.2,12.2
E14001045,1,0.1,9.8,0.3,0.9,10.1,15.7,5,3.9,3.3,7.7,1.5,6.7,4.3,5.4,9,10.6,4.8
E14000540,0.1,0,4.3,0.2,0.9,10.4,15.3,8.4,6.2,3.3,4.7,1.5,4.4,7.8,5.2,8.8,13.8,4.8
E14000549,0,0.3,2.3,0.3,0.2,3.5,9.6,2.8,5.5,9.1,12.8,2.7,19.1,5.6,4,7.2,8.1,6.7
E14000551,0.1,0.1,3.2,0.3,0.3,8.3,11.7,3.6,3.1,6,11,2.1,10.5,4.7,7.3,10.9,10.7,5.9
E14000553,0,0.1,2,0.2,0.2,3.8,9.7,3.8,8.6,7.3,12.3,1.5,14.4,6.6,4.7,8,10.1,6.6
E14000555,0,0.1,2.3,0.1,0.2,2.8,11.9,3.6,10.2,8.5,9.4,1.6,14.4,4.8,3.8,10.2,9.2,6.8
E14000558,0.1,0.1,4.9,0.7,0.8,11,14.8,6.4,3.8,3.8,7.5,1.7,7.1,4.8,7.6,9.4,10.7,4.8
E14000591,0.1,0.1,3.8,0.2,0.4,9.4,16.1,6.1,9.2,5.7,3.4,1.8,7.4,7.4,3.5,8.7,10.2,6.5
E14000592,0,0.1,6.2,0.2,0.3,9.8,19.7,6,6.5,5,5,1.7,7.2,6.3,3.7,7.1,10.5,4.6
E14000593,0.1,0.3,3.8,0.3,0.3,5.5,13.1,7.7,7.3,10.7,4.9,1.9,10,6.4,3.9,8.3,9.1,6.4
E14000604,0.1,0.1,3.4,0.3,0.4,8.3,12.7,4,3.9,5.4,10.8,2.1,10.6,5.2,6.3,9.8,11.2,5.4
E14000615,0.1,0.1,1.8,0.2,0.3,4.5,10.7,4.2,9.1,6.6,4.4,1.5,9.8,8.9,5.4,9.9,14.7,7.9
E14000621,0.1,0.1,3.7,0.3,0.6,10,15.1,5.7,3.6,4.8,5.6,1.6,6.9,5.5,7.5,9.6,13.9,5.4
E14000629,0.1,0.4,2.2,0.3,0.2,3.4,9.7,2.5,4.9,7.4,18.1,4.1,18,5,2.4,6.3,7.7,7.6
E14000634,0,0.1,3.9,0.3,0.5,9.2,13,5.2,3.9,4.7,8.7,2.4,8.6,4.7,6.1,12.8,10.6,5.4
E14000636,0,0.1,3.1,0.3,0.3,7,14,3.9,4.3,6.1,6.3,2.8,11.2,4.5,4.9,12.6,11.7,7
E14000639,0.1,0.5,2.1,0.3,0.1,2.7,8.6,2,6.1,7.3,19.1,3.1,17.6,4,5.2,5.9,6.6,8.8
E14000654,0,0.1,3,0.3,0.5,8.3,14.2,5.8,4.8,5.7,7.5,1.7,7.5,5.5,8.1,9.6,12.5,5.1
E14000655,0,0.1,3,0.2,0.4,6.3,16,6.4,6.1,4.6,4.8,2,6.3,6.2,7.9,9.3,15,5.4
E14000656,0.1,0.1,3.6,0.3,0.3,8.5,13.3,4.7,3.4,5.8,9.4,1.8,9.6,5.2,7.6,10.4,11,4.9
E14000657,0.1,0.1,5.5,0.4,1,11.2,15.6,8.3,4.2,2.9,6.4,1.5,5,6.3,5.6,8.8,12.7,4.6
E14000673,0.1,0.1,1.9,0.2,0.3,4,9.6,3.3,5.9,8.8,6.1,1.9,13.7,6.1,5.7,11.3,13,8.1
E14000674,0,0.3,4,0.2,0.3,6.4,11.7,4.4,6.4,11.6,5.3,2.1,12.4,5.9,3.5,9.6,9.1,6.8
E14000675,0,0.1,5,0.2,0.6,10.4,15.6,8.5,6.1,6,3.3,1.7,6.7,7.2,3.9,8.9,10.7,5.2
E14000676,0.1,0.1,5.3,0.2,0.3,7,16.6,9.9,8.1,6.9,3.4,1.4,6.5,7.6,4,8.4,9.5,4.7
E14000679,0.1,0,3.2,0.2,0.4,7.4,19.8,6.9,11.4,4.3,4.9,1.6,4.9,8.4,4.2,8.3,9.6,4.4
E14000687,0.1,0,3.9,0.3,0.6,7.2,18.3,6.6,7.1,3.4,4,2.2,5.1,6.3,5.4,10.1,14.1,5.2
E14000690,0.1,0.1,3.1,0.4,0.5,9.5,12.7,5.2,5.6,4.7,7.1,2,7.4,5.7,6.7,11.6,11.4,6.3
E14000691,0.1,0,4.3,0.3,0.6,8.5,16.2,5.8,5.1,4.4,5,2.2,6.4,5.3,6.2,11.5,12.7,5.4
E14000692,0.1,0.1,3.4,0.2,0.3,7.4,13.9,3.8,5.9,6,6.7,2.8,10.5,5.1,4.9,11.8,10.3,6.9
E14000696,0.1,0.1,4.3,0.5,0.8,9,14.9,7.1,6.1,3.5,4.5,1.9,5.3,7.3,7.2,8.6,13.7,5
E14000701,0,0.1,4.1,0.3,0.5,6.2,16.9,16,9.6,5.6,3.6,1.1,4.4,7.9,4.7,6.3,8.5,4.4
E14000703,0,0.1,2.6,0.2,0.2,6.1,13.3,3.2,6.1,7.1,6.5,3,13.4,5,3.3,11.4,11.1,7.4
E14000718,0.1,0.1,2.6,0.2,0.4,5.7,11.1,4,7.2,6,9.7,1.7,10,6.8,6.4,9.9,11.2,6.9
E14000720,0.1,0.1,2.6,0.1,0.2,4,11.5,3,6.6,9.7,3.6,2.4,14.4,5.7,4.1,12.9,10.3,8.9
E14000721,0,0.1,2.5,0.1,0.3,3.5,11.6,3.4,6.9,9.3,6.3,1.7,15.6,6,4,9.8,10.7,8.3
E14000726,0.1,0.2,2.4,0.2,0.2,4.2,11,3.5,7.7,10.5,7.5,2.3,14.8,5.4,3.3,8.9,10.2,7.8
E14000727,0.1,0.2,2.2,0.2,0.2,3.6,10.1,2.6,5.9,10,11,2.3,17.8,4.5,3.1,8.9,9.5,8
E14000731,0,0.1,4.3,0.3,0.4,10.1,19.6,5.5,4.1,5.1,6,2,9.2,5.1,4.5,8.4,10.8,4.6
E14000732,0,0.1,4.4,0.2,0.3,6.9,16.4,5.9,5,7.2,6,1.6,9.6,5.3,4.9,10.3,10.9,4.9
E14000737,0.1,0.1,5.5,0.3,0.6,7.4,17.6,15.7,8.2,4.4,2.8,1.1,4.2,7.3,4.2,7.3,9.6,3.9
E14000741,0,0.1,2.9,0.2,0.3,8.1,16.3,4.6,6.7,5.1,5.2,2.6,9.5,5.9,3.5,10.2,12,6.7
E14000750,0.1,0.1,1.7,0.2,0.2,2.9,10.2,3.1,7.1,10,6.9,1.8,17,4.1,3.8,11,10.7,9.3
E14000751,0.1,0.1,5.3,0.3,0.7,11.2,14.3,6.4,3.3,3.6,10.6,1.5,6.8,4.7,6.4,9.4,10.6,4.5
E14000752,0,0.1,2.3,0.2,0.2,4.9,10,2.6,6.2,10.4,5.4,2,14.7,5.1,4.1,12.3,10.7,8.9
E14000759,0,0.1,3.6,0.2,0.4,8,15,6.4,4.6,5,8,2.1,8.3,5.1,5.9,11.2,11.5,4.9
E14000760,0,0,3.6,0.2,0.2,7.3,17.4,6.5,5.5,5.9,7.4,2.1,6.7,5.6,6.1,10.2,11.3,3.9
E14000763,0,0.1,1.9,0.2,0.2,3.7,9.7,2.9,5.9,11.1,5.9,1.8,17.7,4.6,4.5,10.8,10.6,8.2
E14000764,0,0.1,2.1,0.2,0.3,3.4,9.3,3,5.4,9.1,12.2,1.7,20.7,4.3,3.9,8.5,8.7,7.1
E14000768,0.1,0.4,2.4,0.2,0.2,3,9.7,2.7,5.4,7.9,20.4,3.1,16.6,4.3,2.4,6.3,6.6,8.5
E14000770,0.1,0.2,3.8,0.4,0.4,6.3,15.3,4.3,4.9,7.7,5.9,1.5,10,5.4,5.8,10.9,10.7,6.5
E14000787,0,0.1,2.2,0.3,0.3,6.5,12.2,4.6,6,5.5,7.1,2.1,8.7,5.8,6.8,11.5,13.6,6.6
E14000788,0,0.1,2.5,0.3,0.3,6.3,11.3,4.1,5.1,6.7,6.5,2.2,9.6,5.7,6.9,11.5,13,8
E14000789,0,0.1,2,0.2,0.3,4.5,10.8,3.7,9,7.5,5.9,1.6,10.1,6.5,5.6,11.4,11.7,9.1
E14000790,0,0,2.9,0.2,0.3,8.9,12.4,4.9,8.6,5.3,5.8,1.9,7.9,6.7,5.1,11.2,11.9,5.9
E14000823,0,0.1,3.2,0.3,0.5,9.4,16.3,6.3,6.6,4.6,4,1.6,6.4,7.3,5.6,8.5,13.4,5.9
E14000869,0.1,0.1,4.2,0.5,0.5,11,13.6,5.3,3.4,4.7,9.2,1.9,8,4.6,7.7,10.4,9.7,5
E14000872,0.2,0.1,4,0.3,0.4,9.1,13.8,4.5,3.3,5.1,10.4,1.7,8.9,4.7,6.9,10.2,10.9,5.4
E14000882,0,0.1,2.2,0.2,0.2,3.4,9.6,3.8,9.4,7.7,20.2,1.7,12.6,5,3.7,8,7.1,5.2
E14000887,0.1,0.3,2.5,0.3,0.1,4.4,10.7,3.3,6.2,9,9.8,2.3,15.9,5.6,4.1,9.1,9.6,6.8
E14000896,0.1,0.5,3.2,0.4,0.2,3.9,10.5,2.9,4.1,10.5,8.8,2.2,16.1,4.8,4.2,10.6,9.5,7.3
E14000900,0.1,0,5.2,0.4,0.7,11.5,14.3,6.4,3.4,3.5,9.8,1.5,6.7,4.5,6.4,9.4,11.1,5
E14000906,0.1,0.2,4.8,0.4,0.4,7.7,13.8,5.4,3.3,6.9,6.3,1.8,10.8,4.9,5.6,11,11.4,5.4
E14000978,0,0.1,2.1,0.2,0.2,5.2,10.3,3.3,7.5,8.7,7.1,2.2,13.6,7.4,5.3,9,10.3,7.5
E14000984,0.1,0.2,3.5,0.4,0.4,9.6,13.6,5,3.7,5.9,6.3,1.7,8.6,5.5,7,9.4,13.4,5.6
E14000998,0,0.2,2.2,0.2,0.2,4.8,10.4,3.1,4.9,9.3,9.4,2.4,15.1,6,5,8.7,11.6,6.6
E14001002,0,0,2.7,0.1,0.4,7.9,13.8,5,11.4,5.5,2.6,2,7.4,7.8,4.4,10.5,11.3,7.3
E14001005,0,0.5,3.8,0.4,0.3,4.9,11.1,5,4.1,11.2,5.8,2.1,13.7,4.8,5.2,12,8.6,6.7
E14001007,0.1,0.1,5.4,0.4,0.6,8.7,15.6,9.2,4.8,6.1,3.6,1.3,6.5,5.1,6.6,10.7,10.2,5
E14001008,0,0.2,1.8,0.2,0.2,3.7,9.9,3.3,8,8.7,8.4,1.8,15.3,7.8,5.6,7.6,9.8,7.6
E14001013,0.1,0,3.5,0.2,0.6,8.9,13.9,5.3,7.9,5.2,3.7,1.8,6.8,7.2,5.5,11.1,11.4,7
E14001032,0.1,0,2.8,0.2,0.5,9.4,14.8,5.3,12.2,4.1,5.3,1.7,5.8,9.1,4.1,8.7,11,4.9
E14001036,0,0.3,2.3,0.3,0.2,3,10.8,3.1,6.8,8.9,15.3,2.8,16.8,4.6,2.8,6.8,7.8,7.4
E14001040,0,0.4,2.9,0.3,0.2,5.2,10,2.6,4.1,9,10.9,2,15.8,5.3,4.7,9.9,10.1,6.6
E14000530,0.1,0.1,7.1,0.4,0.7,7.5,16,5.1,5.3,6.4,3.7,1,6.1,6.7,11.1,7.3,11,4.6
E14000534,2,0.1,7.2,0.4,0.7,8.3,14.9,4.7,4.8,4,4.9,2.1,8,5.2,4.6,10.3,11.5,6.4
E14000536,1.6,0.1,8.7,0.7,0.7,10.3,17.2,5.4,5.2,3,3.4,1.1,6,5.5,5,8.6,12.6,4.9
E14000538,0.6,0,7.9,0.2,1,7.5,16.3,4.7,4.3,5.2,3.9,1.4,6.8,5,8.7,8.9,12.7,4.7
E14000539,1.2,0,12.4,0.3,0.6,7.1,18.2,4.7,4.3,4.6,2.6,1.1,6.5,4.6,7,9.5,10.1,5.1
E14000545,0.2,0.1,9.2,1.3,0.6,7.3,18.6,4.7,4.5,9.7,5.4,1,6.1,5.5,4.8,6.8,10,4.2
E14000550,0.3,0.3,8.1,0.5,0.7,7.8,15.1,5.3,4.8,8.9,3.7,1.8,10.5,5.1,3.8,9.1,8.9,5.3
E14000557,1.7,0.1,6,0.4,0.7,10.3,15.1,3.8,4.7,3,4.9,1.7,6.7,4.6,5.3,10,15.3,5.8
E14000576,1.9,0.1,9.1,0.4,1,9,17.7,4.5,7.1,2.5,2.8,1.4,4.2,5.5,5.1,7.8,14.8,5.2
E14000586,0.2,0.2,6.6,0.6,0.6,7.4,16.6,5.3,4.5,9.9,2.8,1.3,7.4,5.9,6.3,8.8,10.3,5.3
E14000597,0.1,0,4.1,0.5,0.6,7.9,15.4,5.2,6.9,4.2,5.8,1.6,5.3,5.3,4.2,10.9,15.6,6.2
E14000598,0.1,0,3.4,0.6,0.4,5.6,12.9,3.4,6.8,6.9,6.5,1.7,8.4,4.8,4.7,14,12.9,6.8
E14000608,2,0.1,8.2,0.3,0.6,7.9,15.5,3.4,3.6,6,3.9,1.6,9.5,4.7,5.7,11.8,9.6,5.5
E14000619,0.9,0,4.7,0.3,0.5,7.3,16.4,3.4,7.3,2.7,2.4,1.2,6.2,3.9,5.8,18,14.1,5
E14000626,0.3,0.1,8,0.6,1.5,11.1,18.7,6,4.3,2.7,4.4,1.1,4.6,5.9,6.6,8,11.6,4.4
E14000631,0.5,0.2,6.8,0.3,0.5,7,14.5,3.8,3.6,7.7,5.1,2.1,12,4.9,3.9,11.3,10.2,5.7
E14000633,2,0.1,7.3,0.3,0.5,7.6,15.3,3.3,6.5,4,3,2,7.1,5,6.4,10.3,13.7,5.7
E14000652,0.1,0.2,6.5,0.9,0.5,6.2,17,15.5,8,3.8,5.1,0.8,4.5,7.8,4.4,6,9,3.7
E14000659,0.2,0.1,6.5,0.5,1,10.9,17.5,6.5,4.1,3.6,6,1.5,6.2,5.1,6.1,8.2,11.8,4.5
E14000670,0.9,0.1,5.6,0.4,0.7,8.5,14.4,10.7,5.5,1.6,2.4,1,4.7,5.2,9.3,9.9,14.4,4.7
E14000680,1.4,0.1,8.2,0.4,0.6,8.1,14.4,3.4,4.4,6.2,3.7,1.4,8.8,5.5,6.2,10.5,11.1,5.6
E14000681,0.5,0.1,4.7,0.5,0.6,9.3,14,6.3,4.1,4.8,7.9,1.7,8.7,5.7,5.6,9.2,11.2,5.1
E14000682,0.2,0.1,8.5,1.5,1.1,9.1,16.3,4.7,4.1,3.2,5.5,1.5,5.3,4.4,5.2,8.9,15.3,5
E14000684,0.2,0,5.4,0.3,0.7,8.3,18.2,4.3,7.2,2.1,3.2,1.5,4.6,4.3,5.1,10.8,18.4,5.3
E14000685,0.3,0.1,9.1,0.6,0.6,9.1,16.6,6,4.4,4.2,4.9,1.3,6.2,4.7,6.3,9.2,11.7,4.7
E14000694,0.1,0.3,3.9,0.3,0.4,8.4,13.5,4.1,3.4,6,7.1,1.8,10.7,5,6,10.2,13,5.7
E14000697,0.2,0.4,4.9,0.4,0.4,6.1,12.7,4.2,3.7,8.2,7.5,2.1,13.3,5.7,4.4,10,9,6.5
E14000699,0.3,0.1,10,0.7,0.7,8,14.9,5.3,4.2,4.5,4.4,1.2,6.2,4.7,10,9.6,11.1,4.2
E14000700,2,0.1,6.9,0.6,0.8,11.2,16.3,5.1,4.6,3,4.4,1.3,6.4,4.9,6.5,10.1,11,4.9
E14000704,1.1,0.1,5.3,1.7,0.9,9.7,15.4,6.3,5.9,2.1,4.8,1.1,4.7,6,7.5,9,14,4.5
E14000711,0.3,0,7.7,0.5,1,10.5,18.1,6,4.3,2.6,5.7,1.3,4.8,4.7,6.7,8.6,12.6,4.5
E14000713,0.1,0.1,10.3,0.7,0.7,7.6,14.5,4.9,5.1,2.8,2.7,1.1,4,5.2,15,8.7,12.3,4.3
E14000715,0.8,0.1,7.5,0.6,0.8,11.9,18.6,6.6,4.7,2.8,4.7,1.4,5.2,5.4,5.6,8.9,10,4.4
E14000719,0.3,0.3,5.2,0.3,0.5,6.8,14.2,3.5,5.1,7.8,5.1,1.5,10.8,4.7,4.3,12.8,11,5.9
E14000735,0.7,0.1,6.7,0.4,0.7,9.9,16.4,4.1,6.1,2.4,3.2,1.4,4.9,4.1,6.7,9.4,17.5,5.3
E14000736,0.3,0,11.5,1.6,1,10.5,16.4,4.4,5.3,3.8,2.4,1.2,4.4,5.5,6.1,9,12.1,4.5
E14000742,1.3,0.2,7.4,0.4,0.8,7.5,13.6,3,4.7,7.4,3,1.5,11,4.4,6.3,11.7,10.3,5.5
E14000753,1,0.1,7.2,0.5,0.6,7.5,15.1,7.2,4.2,5,6.5,1.6,8.2,5.9,4.5,9.7,9.9,5.3
E14000755,0.1,0.1,4.2,1.3,0.5,6.2,13.6,4.6,5.6,6.3,7.6,1.9,8.2,5,4.5,11.3,12.6,6.4
E14000762,1.2,0.1,9,0.4,0.6,8.5,15.8,4,9.1,1.8,1.5,1.6,4.3,3.8,6.8,9.8,15.6,5.9
E14000786,1.1,0,6.1,0.3,1,8.3,14.4,4.5,5.2,3.5,4,1.7,7.2,4.3,6.4,12.1,13.6,6.4
E14000803,0.5,0.2,7.7,0.5,0.7,6.2,14.4,4.6,4.6,11.7,3.8,1.7,11,5.4,3.6,10,7.8,5.7
E14000804,1.4,0.1,6.5,0.5,0.8,9.7,15.8,4.7,4.6,3.4,4.9,1.4,6.4,5.5,8.1,9.5,12.2,4.6
E14000811,1.4,0.1,9.7,0.9,0.6,8.9,15,4,4.1,5,3.5,1.6,7.1,4.7,7.8,9.9,11.1,4.6
E14000817,0.5,0.1,5.7,0.5,0.5,7.5,13.5,6.1,4.4,5.1,8.2,1.3,7.7,5.7,4.5,9.7,13.6,5.5
E14000821,0.3,0.1,8,0.2,0.4,5.6,20.6,6.6,4.8,6.4,5,1.2,6.7,5.6,4.6,10.5,8.9,4.5
E14000822,0.1,0,8,0.2,0.5,5.9,20.7,6.5,4.2,6.5,5.5,1.2,6.5,5.2,4.4,10.5,9.8,4.3
E14000824,0.8,0.4,5.2,0.3,0.5,8.3,12.8,3.9,4.5,6.1,6.3,2.3,11.9,5.8,4.5,10.3,9.8,6.3
E14000827,0.8,0.2,9.4,0.9,1,8.7,14.8,5.6,6.1,3.1,3.6,1.4,6.8,4.6,6.4,9.1,12.5,5.1
E14000828,1.3,0.1,8.4,0.3,0.5,9.2,15.8,3.9,6.6,3.2,3.7,2.1,7,4.8,4.1,9.6,13.8,5.7
E14000830,1.1,0.2,8.4,0.7,0.8,7.4,15.8,3.5,4.7,11.2,2.9,1.7,8.3,5.2,5.4,9.4,7.9,5.4
E14000844,0.6,0.2,7.2,0.4,0.5,6.9,13.6,4,4.3,10.6,4.9,1.4,9.5,5.1,8.1,9.5,8.3,4.8
E14000852,0.8,0,6.6,0.5,0.7,10.4,16.9,4.9,5.1,2.2,2.9,1.3,4.7,4.2,5.3,11.3,17.1,5.1
E14000857,1.5,0.1,11.7,0.5,0.6,7.8,16,3.7,3.8,6.3,5.8,1.6,6.4,4.9,7.7,8.5,8.7,4.5
E14000873,0.1,0,5.6,0.5,0.3,4.4,12.1,3.6,7.4,6.1,1.2,0.9,8.3,3.8,3.2,21.1,16.2,5.1
E14000874,0.3,0.1,6.3,0.6,0.5,6.5,12.3,2.8,4.4,7.3,1.8,1.2,10.8,3.5,5.1,20.8,10.7,5.1
E14000883,0.2,0,9.7,1.5,0.8,10.3,15.1,5.2,5.5,3.1,2.9,1.1,3.5,5.4,9.2,9,13.4,4
E14000884,0.1,0.1,7.7,1.2,0.6,6.4,14.6,4.5,8.2,4.2,2.5,1.3,4.5,6,10.1,11.2,11.7,5.1
E14000889,0.1,0.4,5,0.6,1,5.6,14.6,3.9,5.6,12.5,4.2,1,9.9,5.2,4.5,11,10.2,4.5
E14000890,0.2,0.2,5.7,0.6,1.2,8.2,17.2,5.3,5,8.5,4.5,1.1,7.4,5.8,5,9,10.8,4.4
E14000893,0.3,0.2,4.5,0.4,0.6,8.1,12.5,5.4,4,5.6,9.7,1.8,9.4,5.7,5.4,9.3,12.5,4.7
E14000898,0.4,0.1,7.3,1,1.3,11.2,16,5.9,4.4,2.9,4.6,1.3,5,4.8,9.1,9.6,10.8,4.3
E14000901,1.3,0.1,7.1,0.4,0.7,7.3,14.8,4.4,5,4.9,4.4,1.6,8.1,4.4,6.3,11.6,12.7,4.9
E14000907,0.2,0.5,5.9,0.6,0.4,6.7,15,7.7,5,7.6,4.4,1.6,9.5,5.4,4.5,9.1,9.8,6
E14000918,0.6,0.2,5.5,0.4,0.6,9.2,14.8,4.3,3.8,4.8,8.9,2,10.1,4.9,5.3,10.1,9.3,5.2
E14000927,1.1,0.1,11,0.5,1.2,11,16.9,6.5,4.5,2.2,3.5,1.4,4.5,5,7.7,8.5,10.4,4
E14000930,0.1,0.1,8.1,0.5,0.7,6.1,16.6,12.1,6.9,7.2,2.6,0.8,5,8,3.6,7.2,10.5,4
E14000948,1.2,0,7.7,0.6,0.6,8.8,15.9,5.1,5.8,2,2.8,1.4,6,4.6,5.1,12.6,14.8,4.9
E14000953,0.5,0.2,5.2,0.3,0.4,7.1,13.8,3.2,4.4,7.8,5.6,1.7,12,5.3,4.6,11.7,10.2,5.9
E14000955,0.1,0.1,9.4,0.8,0.7,9.2,18.7,7.2,6,2.9,4.6,1.2,4.8,4.9,4.4,8.9,11.6,4.6
E14000956,0.3,0.1,7.9,0.6,0.6,6.9,16.6,6.5,6.8,3,3.9,1.1,6.2,5.5,3.9,10.9,15.1,4.2
E14000959,0.1,0.4,5.3,0.8,0.7,7.4,14.6,15,4.4,6.8,3.6,1.4,6.3,5.8,5.7,7.9,8.6,5.2
E14000983,0.2,0.2,6.8,0.4,0.7,7.5,14.9,5.8,4.3,8.2,4.3,1.5,8.3,5.7,6.8,8.6,10.7,5.2
E14000997,1,0.1,6.1,0.3,0.7,8.9,14.6,4.4,4.2,4.3,8.5,1.7,9,5.2,5,10.9,10.1,5.2
E14001004,1.1,0.1,4.9,0.3,0.5,7.7,15.7,3.5,4.6,5.3,9.7,1.6,9.6,5,3.7,9.7,12,5
E14001015,1.2,0.1,7.3,0.9,1,7.8,14.6,3.8,3.8,6,2.3,1.4,11.5,4.7,8.1,10.5,9.8,5.1
E14001023,1.5,0.1,6.2,0.3,0.6,10,15.6,3.6,4.7,3.7,5.7,1.6,8.2,5,4.4,10,12.7,6
E14001041,0.9,0.1,5.7,0.3,0.5,6.3,13.7,3.3,5.2,6.9,4,1.5,9.2,4.2,7.5,12.7,13.1,4.9
E14001042,0.2,0.3,6.9,0.8,0.5,5.6,13.3,7.9,5.1,10.3,3.3,1.7,9.4,5.6,5.6,10,7.8,5.8
E14001046,1.3,0.2,9.1,0.4,0.7,8.1,15,3.2,4.5,5.3,2.2,1.6,8,4.1,9.2,11.8,10.1,5.5
E14001047,0.2,0.4,5.9,0.3,0.5,6.4,14.4,5.3,4,8,5.7,1.3,10.6,5.6,6.7,8.2,10.3,6.2
E14001048,0.3,0.3,6.7,0.8,0.8,6.4,14.2,3.5,3.3,12.7,4.2,1.2,9.9,4.7,6.2,11.3,8.7,4.8
E14001055,0.5,0.1,8.3,1,1.4,7.3,16,4.2,4.4,3.6,5.5,1.6,5.7,4.9,6.3,8.1,16,5.1
E14001056,0.2,0.1,9,0.3,1.1,6.9,18.3,5.1,4.8,7.3,3,1.4,8.1,5.2,4.4,9.7,10,5.2
E14000547,0.2,0.1,4.4,0.4,0.8,5.2,14.1,2.6,8.7,6.5,3,1.5,8.9,3.5,6.6,14.9,13.2,5.6
E14000584,0.2,0.1,6.9,0.2,0.4,7.3,16.2,4.2,7.6,3.7,8.8,1.9,5.1,4.4,3.9,9.2,14.7,5.3
E14000585,0.1,0.1,7.6,0.3,0.6,7.7,18.3,4.3,8.4,3.3,8.3,1.7,4.9,4.5,3.7,8.4,12.7,5.3
E14000595,3.1,0.1,10.4,1.8,1.2,8.7,18.7,4.1,8.1,1.6,1.6,1.1,4.3,4.5,5,9.2,11.9,4.7
E14000599,0.1,0.1,7.3,0.4,0.8,8.4,17,5.2,5.2,3.9,6.3,1.2,5.8,5.2,6.2,8.7,14.1,4.1
E14000600,0.1,0.1,7.2,0.4,0.7,5.8,15.4,5.3,5,4.5,5.2,1.3,7.7,5.1,5.2,10.9,15.8,4.2
E14000601,0.1,0.1,7.1,0.4,1,9.4,15.7,4.8,5.3,4.8,6.5,1.1,7,5.7,5.1,9.5,12,4.4
E14000602,0.1,0.1,4.8,0.3,0.3,3.5,11,2.5,7.4,7.3,6,1.5,12,4.9,5.3,13.5,14.2,5.1
E14000616,2.1,0.3,9,0.5,1.1,9.3,17.6,3.6,7.1,1.5,1.4,1.3,4.6,4.7,5.7,9.8,15.6,4.9
E14000623,5.6,0.3,7.9,0.6,0.9,8.7,15.2,3.8,6.3,2.5,2,1.6,6.6,4,5.4,10.4,13,5.2
E14000630,0.2,0.2,9.3,0.8,0.4,5.8,15,2.4,6.3,5,5.5,1.2,7.1,4.8,8.4,11.1,12,4.5
E14000635,0.9,0.1,11.1,0.5,0.8,7.1,15.8,3.9,5.1,5.3,2.6,1.7,6.2,4.4,9,10.4,10.6,4.4
E14000638,0.5,0.1,8.5,0.3,0.6,9.4,17.7,4.2,5.7,3.4,5.6,2,5.9,4.2,4.9,9,12.9,5.1
E14000665,2.2,0.1,7.6,0.3,0.7,7.1,12.5,2.8,4.5,3.6,2.5,1.4,6.1,4.3,21.5,8.6,9.3,4.8
E14000678,1.6,0.1,4.8,1.1,0.9,8.1,15.7,4,7.2,2.6,2.8,1.6,6.5,4.1,9.4,9.9,14.3,5.4
E14000698,0.4,0.1,4.8,1.4,1.1,6.9,17,4.8,7.3,3,2.4,1.5,6.4,4.5,6.4,12.1,15.2,4.9
E14000702,0.2,0.1,9.6,0.5,0.5,7.3,15.9,5.2,4.4,5.1,7.1,1.1,6,4.4,8.3,8.4,12.1,3.8
E14000705,2.7,0.2,13.3,0.7,0.9,9.4,15.2,3.9,4.4,2.8,3.1,1.3,5.3,4.5,6,9.3,12.3,4.7
E14000712,0.2,0.1,11.3,1.4,0.7,7.8,17.4,4.8,4.8,2.8,5.5,1.1,4.2,4.6,6.9,7.8,14.8,3.8
E14000774,0.2,0.1,9.2,0.5,0.9,10.1,17.3,4.4,3.4,3.7,6.8,1.2,5.5,4.5,7.3,8.1,13.1,3.8
E14000815,0.5,0.2,11.3,0.5,0.9,8.7,16.1,3.6,4.6,3,5.4,1.6,5.7,3.9,6.1,10.3,12.2,5.4
E14000835,1.1,0.5,6.7,0.7,0.9,9.5,18.4,4.2,6.6,2,2.1,1.6,5.7,4.1,6.2,9.5,15.4,4.9
E14000837,5.4,0.5,9.6,0.4,0.8,9.9,17.8,3.3,10,1.4,1.4,1.2,4.6,4.2,4.3,8.6,11.3,5.3
E14000838,4.3,0.1,10.9,0.4,0.7,8.5,17.1,2.9,9.8,1.4,1.4,1.3,4.3,4.4,5.6,9,13.1,4.7
E14000839,3.5,0.1,10.1,0.3,0.7,9.5,15.3,3.3,4,2.6,3,1.8,5.5,4.2,8.5,11.2,10.5,5.7
E14000846,1.1,0.2,9.7,0.4,1.1,9.4,15.3,3.7,4.6,3.9,3.8,1.5,6.7,4.3,6.5,10.6,12.6,4.6
E14000850,0.8,0.2,8,0.5,0.9,7.7,15.3,4.3,3.9,4.6,6.5,1.6,8.1,4.8,6.7,9.7,11.8,4.7
E14000851,0.2,0.1,12.2,0.8,1.3,7.9,18.7,6.4,4.4,4.7,7.1,0.9,5,5.6,4.9,7.3,8.4,4.1
E14000860,2.2,0.2,9.2,0.7,0.8,7.2,13.8,3.9,4.9,5.2,4,1.5,7.3,4.6,11.4,9.6,8.9,4.5
E14000879,0.1,0.1,11.3,0.8,0.7,8.1,17,6,5.2,1.8,1.6,1.1,2.8,4.7,10.8,8.7,15,4.2
E14000880,0.2,0.1,8.6,0.7,0.5,6.8,15.2,5.1,8,2.7,2,1.5,4.5,4.3,10.1,10.9,13.9,5
E14000881,0.2,0.2,11.1,0.3,0.8,8.6,16.3,4.1,5.2,3.1,6.4,1.9,5.1,4.6,5.3,7.9,14.1,5
E14000912,1.3,0.1,6.5,0.2,0.4,7.4,15.4,3.5,4.9,3.2,4.8,1.2,8.7,4.1,9.8,9.2,14.5,4.8
E14000932,3.5,0.6,11.4,0.2,0.7,8.8,15.9,3.7,5.7,3.1,1.7,1.3,6,4.1,5.4,11.2,11,5.5
E14000936,1.2,0.5,8.1,0.3,0.8,8.1,14.6,3.7,9.3,2,1.6,1.6,4.5,3.9,12,8.9,13.5,5.6
E14000938,3.3,0.3,8.7,0.4,0.8,9,16.4,4.3,7.1,1.8,1.6,1.4,4.3,4.1,8.2,10.6,12.9,4.8
E14000947,0.3,0.1,10.3,0.9,1,6.9,17.4,6.6,5.4,5.1,8,1,5.7,6.1,4.2,7.3,9.6,4.1
E14000950,1.2,0.4,9.3,0.7,0.5,7.7,15.4,4.5,4,2.4,2.4,1.6,5.2,3.4,11.2,11.4,14.3,4.4
E14000954,1.9,0.1,10.9,0.3,0.7,7.3,17,3.7,6.3,4,2.2,1.3,5.4,4.9,9.8,9,10.2,4.9
E14000961,1.8,2,7.9,0.3,0.9,9.6,17.2,4.1,11.1,1.3,1.5,1.3,3.9,4.8,5.9,8.7,12.1,5.5
E14000964,3.8,0.3,5.4,0.3,0.5,8.3,15.7,3.9,11.2,2,1.4,1.6,5,4.2,8.5,9.7,12.3,6
E14000980,1.3,0.2,12.7,1.5,1.1,8.7,14.2,3.2,4.6,4,3.3,1.3,7.2,4.2,5,10.5,12.4,4.7
E14000988,1.7,0.1,7.5,0.7,0.9,7.4,17.2,3.3,4.7,2.3,2.3,1.2,6,4.2,8.8,10,17.6,4.4
E14000990,1.1,0.1,12.3,0.9,0.6,7.2,14.8,3.3,5,3.5,5.2,1.2,6.2,4.4,8.9,9.5,11.3,4.4
E14000991,3,0.3,8.8,0.8,0.7,8,15.5,3,6.9,4.4,3.5,1.9,8.7,4.6,4.6,10,9.5,5.9
E14000994,1.4,0.4,10.6,0.9,0.8,8.6,15.8,5.1,4.5,4,5.1,1.3,5.8,4.2,7.1,8.7,11.6,4.1
E14000996,5.2,0.1,10.3,0.7,0.8,9,17.5,4.6,5.5,2,1.9,1.3,6,4,4.8,8.8,12.5,5
E14000999,0.4,0.1,6.3,0.5,0.7,8.9,17.6,3.8,10.7,1.7,2.1,1.8,4.1,4,5.5,8.5,17.8,5.6
E14001000,6.4,0.2,10.2,0.3,0.7,9.2,15.7,3.4,6.8,1.8,1.4,1.4,5,3.7,5.1,10,13.9,4.7
E14001001,3.1,0.2,6.8,0.3,0.7,9.3,16.2,3.4,9.4,2.3,1.5,1.8,5.8,4.4,5,10.5,13.7,5.6
E14001003,1.9,0.4,6.5,0.3,0.6,7.7,16,3.3,8.7,2.4,1.8,1.7,5.9,4.2,5.5,10.8,16.8,5.4
E14001026,2.2,0.5,9.7,0.3,0.9,8.8,18.4,4,6.7,3.1,2.3,1.3,5.7,3.8,4.6,10.9,11.8,5
E14001031,4.1,0.2,8.8,0.2,0.7,8.4,14.9,2.7,6.9,2.1,1.6,1.7,5.6,4.1,7.9,10.2,14.6,5.2
E14001038,1.1,0.2,8.4,0.4,1.2,7.9,19,5.3,6.1,2.7,3.9,1.6,5.1,4.1,5.8,8,14.7,4.5
E14001060,2,0.1,17.8,0.3,0.5,7.9,17.6,3.4,4.8,2,1.4,1.2,4.3,3.9,8,7.9,12.6,4.3
W07000041,3.1,0.2,7.7,2.9,0.9,8.8,14.4,5.2,6.9,1.5,1.1,1.1,3.6,3.2,9,11.2,15,4.2
W07000042,1.2,0.3,18,0.7,1.1,8.2,14.7,4.2,5.6,1.7,2.9,1,4.7,4.1,6.2,9.6,11.7,4.1
W07000043,0.7,0.2,19.6,0.6,1,7.3,17.5,4,4.9,2.1,4.8,0.9,4.4,4.6,5.3,7.8,10.5,3.6
W07000044,0.7,0.1,18.8,0.7,0.8,6.1,15.6,4.2,5,1.9,3.2,0.8,4.1,4.6,6.2,8.7,14.5,3.9
W07000045,1.1,0.2,10.7,0.5,0.9,8.1,17.7,4.1,5.2,1.4,2.3,1.1,3.2,3.7,9.6,10.1,16,4.1
W07000046,0.9,0.2,8.1,0.4,0.7,7.4,15.4,3.2,5.2,2.8,3.2,1.3,4.9,3.7,10.2,12.4,15.5,4.5
W07000047,0.2,0.1,5.3,0.3,0.7,6.2,16.2,3.6,9.3,3.4,3.3,1.6,4.6,3.9,8,13,14.9,5.3
W07000048,0.1,0.1,8,0.4,0.9,7.8,19.4,5.2,5.8,2.7,3.8,1.1,3,4.5,10.1,7.8,15.1,4.1
W07000049,0.3,0.3,17.3,0.5,1.1,8.5,15.1,4.2,5.2,1.8,3.1,1.1,3,4.3,8.6,7.6,13.8,4.2
W07000050,0.1,0,4.7,1.1,0.4,4.4,16.3,2.5,11.1,3.9,5.3,1.6,6.8,4,6.8,12.3,12.8,5.9
W07000051,0.1,0,5.6,1.1,0.5,6.1,13.1,2.6,4.7,3.8,5.5,1.4,6.8,3.4,10.1,13.2,17.4,4.6
W07000052,0.2,0.2,14.7,0.7,1.1,11.5,13.9,4.4,4.7,1.1,2.4,1.1,2.5,3.9,7.7,9,16.9,4.2
W07000053,0.3,0.1,14.7,0.7,0.9,8.9,16,4.2,4.6,1.8,2.8,2.1,3.1,4.1,9.5,8.7,13.6,3.9
W07000054,3,0.1,9.1,0.5,0.7,7.9,15.2,3.1,5.5,3,3.1,1.7,6.4,3.8,7.7,10.7,13.8,4.6
W07000055,0.4,0.1,11.8,0.8,1,7,19.4,4.9,6.9,2.9,4.5,1.4,3.8,4.7,6.7,7.5,12.4,3.8
W07000056,0.3,0.1,10.1,0.8,0.9,6.8,15.9,4.3,6,3,5.2,1.6,4.8,4.2,8.7,9,14.6,3.8
W07000057,1.5,0.5,5.2,1.1,1,8.6,14.4,3.4,8.4,2.6,1,1.2,3.7,3.2,8,15.1,15.9,5.3
W07000058,1.7,0.3,4.4,0.6,0.7,8.2,16.8,3.6,12,1.8,1.7,1.6,5,3.6,6.7,10.3,15.7,5.1
W07000059,3.3,0.2,6.1,0.5,0.8,8.5,15.8,3.6,7.3,2,1.9,1.3,4.6,3.7,7.3,10.9,17,5
W07000060,1.1,0.2,8.6,0.6,0.7,8.3,15.5,4,6.9,1.6,2,1.5,3.7,3.7,6.8,9,20.7,5
W07000061,5.3,0.4,6.4,1.1,1.2,10.6,14.5,3.4,11.2,1.4,1.2,1.1,3.7,3.8,4.9,10.3,13.5,5.9
W07000062,2.2,0.1,17.4,0.9,1,7.7,14.4,4.4,5.1,1.8,2.2,0.9,3.7,4.2,5.7,9.2,14.7,4.3
W07000063,8.7,0.2,11.4,0.4,0.9,9.4,17.1,3.9,5.8,1.8,1.3,1.2,4.6,3.1,4.5,9.3,12,4.4
W07000064,7.1,0.2,5.2,0.4,0.7,8.5,14.8,3.1,8.3,1.7,1.2,1.1,4.4,3,5.6,15.4,13.3,5.9
W07000065,5.5,0.5,7,0.7,0.8,10.7,16.1,4.2,7.2,1.3,1.3,1.1,4,3.4,8,9.3,14,5
W07000066,4.8,0.3,7.1,0.7,0.7,9.9,15.8,3.7,9.5,1.4,1.3,1.2,4.2,3.5,7.4,9.5,14.3,4.9
W07000067,6.2,0.4,8.2,0.4,0.8,9.9,15.4,3.7,4.7,2,1.8,1.1,3.9,3,8.6,11.2,14.5,4.3
W07000068,8.6,0.6,6.9,0.5,0.9,9.3,13.2,3.1,7,1.7,1.6,1.2,4.3,4.1,9,9.2,13.9,5.1
W07000069,0.4,1.1,12,0.6,0.9,8.7,14.3,4,4.3,1.8,3.1,1.3,3.4,3.8,10.8,9.6,15.5,4.4
W07000070,0.2,0.7,12.9,0.8,1.3,11.3,15,3.9,4.9,1.7,2.7,1.2,3,4.3,7.2,9.7,15,4.1
W07000071,0.2,0.4,15,0.6,1.3,9.4,15.6,3.8,4.8,2.1,2,1.1,2.8,4.7,8.2,8,16.3,3.8
W07000072,0.3,0.3,20.1,0.6,1.5,7.9,15.2,3.9,4.6,1,1.7,1.1,2,3.9,7,7.9,17.3,3.7
W07000073,0.4,0.3,11.7,0.7,1.1,7.7,16.2,3.6,6,2.5,3.4,1.1,4.2,3.8,9.6,9.5,14,4.3
W07000074,0.4,0.3,15.4,0.6,1.2,9.3,15.7,4.2,4.9,1.8,2.9,1,2.8,4.4,7.8,8.3,15.1,4
W07000075,0.3,0.1,10.4,1,1,9.1,15.8,3.6,5.3,2.2,3.5,1.1,4.1,3.9,8.1,11.5,14.7,4.3
W07000076,0.3,0.2,13.3,0.9,1.3,8.5,15,3.8,4.6,2.1,4.2,1,4.4,4.9,9.5,9.9,12.4,3.9
W07000077,0.2,0.1,18.8,0.8,1.3,8.3,15.2,3.9,4.2,1.8,3.1,1.2,3.3,4,9.3,8.7,12,3.7
W07000078,0.8,0.1,7.5,1.2,0.5,7.8,15,5,5.3,2.4,4,1.3,5.4,4.4,10.4,10.1,14.1,4.6
W07000079,0.1,0,5.2,1,0.8,6.3,14.7,4.1,6,4.5,4.7,1.5,6.5,4.3,7.4,12.5,14,6.3
W07000080,0.1,0.1,6,1.6,0.9,6.4,15.5,4.4,6.6,3.9,5.7,1.3,6.1,4.9,7,10.4,13.5,5.4
S14000001,0.4,6.6,6.5,0.2,0.6,6.1,16.3,5.9,8.9,2.2,1.2,0.7,8,5.9,3.7,7.8,14.5,4.3
S14000002,0.3,11.1,6.5,0.3,0.4,5.5,13.7,4.8,6.5,2.6,1.7,1,13.1,4.5,3.9,8.5,11.7,3.7
S14000003,0.7,0.5,10.3,0.9,0.9,11,16.7,6.6,3.9,2.7,4.2,0.7,2.9,5.7,7,6.3,15.3,3.8
S14000004,5.1,2.7,11.4,0.4,0.8,9.5,14.9,4,5.6,1.3,1.4,1,4.3,3.4,6.4,7.4,15.6,4.7
S14000005,5.1,0.7,4.7,0.7,0.8,8.6,11.9,5.7,9.7,1.8,1.6,1.6,4,4.4,11.5,7.9,14.7,4.6
S14000006,3.3,1.4,8.6,0.5,0.8,7.8,15.8,5.5,7.2,1.4,2,1,3.1,3.6,6.5,7.5,18.9,5.1
S14000007,6.7,5.7,14.4,0.9,0.9,9.2,14.8,5.2,5.1,1,1,0.7,5.2,3.3,3.9,6.9,11.8,3.4
S14000008,9,0.2,8.6,0.8,0.7,8.8,15.2,3.5,5.4,1.6,2,1.7,4.1,3.8,6,7.5,16,5
S14000009,5.5,1.9,7.1,1,2.8,10.8,13.8,4.4,7,2.7,1.1,1.2,5,4.2,6.3,7.5,13.6,4.2
S14000010,1.5,0.6,10,0.7,0.8,7.8,16.7,5.7,6.4,1.9,2.9,1,3.7,4,7.2,7.1,17.3,4.9
S14000011,0.4,0.3,9.4,1.4,0.8,10.1,16.8,6.7,4.7,2.8,5.1,1,3.3,5.3,7,6.9,13.7,4.3
S14000012,0.5,0.3,8.3,1.1,0.8,9.8,16.3,6,4.8,2.6,5,1,3.5,4.6,8.7,7.7,14.3,4.5
S14000013,8.5,0.3,6.9,0.5,1,8.5,16,5.3,7,1.3,1.3,1.2,3.2,3.5,6.2,7.5,17.2,4.6
S14000014,8,0.8,8.9,0.8,1,8.7,14.5,4.7,6.5,1.6,2.6,1.3,4.4,3.2,5.9,7.7,14.9,4.4
S14000015,0.9,1,7.5,0.5,0.8,7.4,16.6,3.7,5.7,3.3,2.5,1.1,4.1,3.3,8.5,10.6,17.6,4.8
S14000016,0.7,0.4,7.1,0.4,0.8,6.9,17.1,3.5,7.2,3.5,2.1,1.1,3.7,3.6,6.6,10.2,19.7,5.3
S14000017,0.8,0.7,8.8,0.9,0.8,7.9,13.9,4.5,5.1,4.5,8.8,0.9,4.7,4.8,7.8,7.4,13.4,4.4
S14000018,0.3,0.2,5.9,0.8,0.4,7.5,13.4,4.1,4.1,3.9,6.4,1.8,7.1,3,7.3,13.1,15.8,4.7
S14000019,1,0.4,9.6,1.2,0.8,8.5,16.6,5,4.5,2.7,4.5,1.1,4.2,4.3,9.8,7.6,13.9,4.5
S14000020,2.3,0.3,5.4,1.7,0.7,8.4,14.1,4.3,5.3,2.1,7.4,1.3,6.2,3.7,7.4,8,15.2,6.2
S14000021,0.5,0.2,6.1,1.1,0.5,6.6,15.6,4,4.8,3.5,5.8,1.8,7.1,3.4,7.6,11.7,15.2,4.6
S14000022,0.3,0.2,3,0.5,0.5,5,13,4.2,10.4,3.6,8.5,1.3,7.2,4.6,6.8,10.1,14.3,6.5
S14000023,0.4,0.3,3.4,0.7,0.5,3.7,10.6,2.8,9.5,4.9,11.4,1.6,10.6,4.7,6.1,9.3,13.2,6.3
S14000024,0.3,0.3,3,0.4,0.5,4.6,10.6,3,7,3.7,9.8,1.3,9.9,3.4,6.1,14.2,15.9,5.9
S14000025,0.3,0.2,3.5,0.4,0.5,4.9,12.5,4.2,7.6,3.8,11.7,1.3,7.6,4.8,7.4,10.5,13.3,5.4
S14000026,0.4,0.3,4.6,0.7,0.5,5.8,12.2,4.8,5.9,3.6,13.5,1.4,7.4,4.2,7.7,8.8,13.2,5.1
S14000028,1,0.6,10.5,1.1,1.1,9.1,16.6,5.1,4.6,2.1,5.3,0.8,3.4,4.8,8.5,6.7,14.5,4.2
S14000029,0.3,0.2,4.5,0.7,0.5,4.8,15.2,4.1,11.7,5.5,6.6,1.2,6.9,5.4,5,8.4,12.7,6.3
S14000030,0.4,0.2,7.7,0.7,0.9,10.8,17.4,6.5,6.2,2.2,4.5,1.7,3,6.1,5.9,6.8,14.7,4.6
S14000031,0.2,0.2,3.8,0.6,0.4,4.2,12.3,3.3,9.5,5.5,4.9,1.5,7.9,4,5.2,13.2,16.7,6.4
S14000032,0.3,0.1,5.4,0.5,0.9,7.8,16.4,6.2,8.4,2.8,4.4,1.6,3.6,6.7,5.5,7.2,17.1,5.2
S14000033,0.2,0.2,5.5,0.7,0.5,6.5,12.8,4.5,6.4,3.9,5,1.5,6,4.9,6.1,10.9,19.4,5.2
S14000034,0.3,0.2,4.8,1.3,0.6,6.7,14.4,4.6,5.9,4.4,6.1,1.7,6.4,4.5,6.6,10.4,16,5.2
S14000035,0.2,0.2,6.9,0.6,0.7,8,17.9,5.6,6.7,2.6,4.3,1.6,3.3,5.7,6,6.7,18.2,4.8
S14000036,2.1,0.9,14.5,0.6,0.8,8.9,16,4.2,4.9,2.1,2.1,0.9,2.8,4,7.7,6.4,15.8,5.2
S14000037,2.8,8.1,8.2,0.4,0.5,8.5,15.1,5.8,4.5,2,1.4,1,9.3,3.9,4.7,8.4,11.4,3.7
S14000038,0.6,0.4,9.9,0.6,0.7,5.3,14.5,5.6,4.7,4.9,5.3,1.3,3.5,4.9,6.6,7.7,18.8,4.7
S14000039,2.6,1,5,0.7,0.8,8.7,16.4,5.2,9.1,2.6,1.5,1.3,4.3,4.1,7.4,7,16.9,5.3
S14000040,2.1,0.8,10.7,0.7,0.8,9.4,15.8,4.6,4.8,1.9,3.1,0.8,3.7,4.9,7.1,6.8,17.3,4.5
S14000041,0.9,0.7,10.3,0.7,0.7,9,15.6,4.5,4.8,3.1,5.3,0.9,3.7,4.3,7.2,7.3,16.1,5
S14000042,1.3,0.5,8.4,1.3,0.8,9.6,15.7,5.7,4.3,2.3,4.7,1.1,4.6,4.1,7.6,7.7,15.5,4.6
S14000043,1.2,0.5,11.5,0.7,1,8.6,16.5,5.6,4.2,3.5,6.3,0.9,4.2,4.8,7.9,6.5,11.7,4.3
S14000044,0.8,0.3,11.1,0.5,0.9,7.4,17.6,6.2,4.4,5,6.8,0.8,3.8,5.4,7.2,6,11.9,3.9
S14000045,0.9,0.3,5.3,0.6,0.9,9.3,15.4,5.2,4.7,2,7.8,1.1,5,4.4,7.9,8,15.8,5.4
S14000046,3.9,2.9,11.4,0.3,0.6,9.1,14.8,4.2,6,1.1,1.2,1.1,3.5,3.2,11.9,7.9,12.7,4.1
S14000047,0.4,0.3,9.9,1.1,0.9,8.8,16.7,6.7,4.1,2.5,4.8,1,3,4.7,7.9,6.9,15.7,4.6
S14000027,4.8,1.7,5.3,0.5,0.9,11.4,11.5,7.5,6.2,2.4,0.9,0.9,3.6,3,7.8,9.9,17.9,3.9
S14000048,1.4,0.8,9.4,1.9,1,8.6,14.4,5.6,6.4,2.4,2.9,1,3.7,4.4,6.5,8.1,16.5,5.3
S14000049,3.1,0.9,6.1,0.4,0.6,6.8,12.3,3,8.2,1.9,1.9,1.1,4.9,2.9,8.7,16.2,14.1,6.8
S14000050,3.1,0.6,8.3,1.4,1,9.4,15.2,3.9,7.2,2,3.9,1.1,4.2,4,7,9.3,13.5,4.9
S14000051,8.1,1.6,5.5,0.7,0.8,11,12.5,9.7,5.9,1.1,0.8,0.6,4,2.9,6,9,15.4,4.4
S14000052,0.4,0.3,9.7,0.7,0.6,7.6,15.6,6.3,5.2,2.9,4.4,1.2,4.5,4.7,7.4,8.3,15.6,4.6
S14000053,0.4,0.2,8.8,0.8,0.8,7.9,15.3,6.8,4.9,2.7,4.1,1.2,4.1,4.6,7.4,8.4,16.9,4.7
S14000054,3.7,0.4,5.7,3,1.1,8.4,16.5,4.1,8.4,1.4,4,1.3,4.1,3.9,6,7.3,14.8,5.6
S14000055,6,1,5.7,0.7,0.9,10.6,13.7,5.3,11,1.7,1,1.4,4.2,3.6,5.7,8.5,13.9,5
S14000056,0.3,0.2,9,1.2,0.9,9,16.5,5.7,4.3,2.8,5.8,1.3,4.1,4.7,7.9,7.5,13.8,4.7
S14000057,2.5,0.5,6.1,0.6,0.8,8.6,14.9,3.4,8.3,2.5,4.8,1.1,5.2,4.2,7,10.2,13.6,5.6
S14000058,3.4,8.7,7,0.3,0.5,8.1,13.7,4.6,5.1,2,1.5,1.3,10.4,3.9,4.4,8.9,12,4.2
S14000059,0.4,0.3,8.5,0.7,0.9,8,14,5.1,6.3,2.1,4.4,1.1,3,5.3,10,7.8,17.1,5
N06000001,0.2,0.1,7.5,0.5,0.7,4.5,15.9,3.8,5.8,4.2,4.8,1.2,6.1,4.9,11,8.8,14.6,5.5
N06000002,0.1,0.1,7.2,0.4,0.9,5.2,19,6,5.8,3.4,4,1.1,4.5,5.1,8.1,9,14.7,5.3
N06000003,0.1,0.1,5,0.5,0.5,3.3,16.2,2.3,7.8,5.5,5,1.2,8,3.7,8.8,11.4,15.6,4.8
N06000004,0.1,0.1,5.9,0.3,0.8,5.3,18.4,5.3,6.4,2.6,3.9,1.1,3.6,4.8,8.5,9.4,18.2,5.3
N06000005,1.3,0.3,10.3,1.1,0.7,7.1,17.1,6.2,5,2.7,3.9,1,4.1,4.3,8.3,9.1,12.7,4.7
N06000006,3,0.3,8.6,0.4,0.5,9.8,17.8,3.1,6.9,1.5,2.4,1,4,4.2,7.8,10.9,13,4.7
N06000007,5.4,0.8,14.6,0.3,0.5,9.7,17.1,3.6,5,1.7,3,0.6,3.7,3.1,4.8,9.3,12.8,4.1
N06000008,0.8,0.1,8.7,0.4,0.9,5.6,18.3,3.7,6.4,3.4,3.1,1.2,3.6,5.4,6.2,11.4,16,4.7
N06000009,1.4,0.1,9.2,0.5,0.5,6.7,18.8,3.6,4.3,2.4,3.5,0.9,5.2,4,11.1,8.6,14.5,4.7
N06000010,4.3,0.5,14.5,0.3,0.7,15.1,16.3,3.3,4.3,1.3,2,0.7,3.8,2.5,4.9,9.3,12.4,3.8
N06000011,3.9,0.3,10.9,0.3,1.3,10.1,18.9,4.4,4.6,1.5,2.3,0.7,4,3.4,5.7,9.7,13.8,4.2
N06000012,4,0.3,13.2,0.5,0.9,10.1,17.9,3.9,4.7,1.5,2.1,0.9,3.6,3.4,6.4,8.8,13.7,4.2
N06000013,0.5,0,6.7,0.5,0.5,5.2,16.6,3.5,5.2,3.5,4.4,1.4,5.8,6,12.3,8.7,14.1,5.2
N06000014,1.6,0.2,9.6,0.5,0.8,7.5,18.2,6.2,4.8,2.6,3.6,0.8,3.9,4.1,8.6,8.3,14.6,4.1
N06000015,3.5,0.3,8.1,0.3,0.8,13.7,16.1,3.4,5.5,1.7,2.5,0.8,4.6,3.3,6.7,9.8,14.2,4.6
N06000016,2.6,0.2,8,0.4,0.6,8.4,16.6,3.5,4.9,2.4,3.8,1,4.6,5,11.1,7.8,14.2,4.8
N06000017,1.5,0.2,15.2,0.3,0.8,7.6,19.2,3.8,5,2,2.3,0.8,4.2,4.1,7.1,8.4,13.4,4
N06000018,5.9,0.6,9.3,0.5,0.5,12.3,17,3.2,4.5,1.6,2.5,0.8,3.7,2.9,6.3,10.1,14.1,4.3
E12000001,0.7,0.5,10.2,1,0.7,7.9,15.4,4.7,5.8,2.7,2.8,1.4,4.6,4.4,8.1,9.7,14.8,4.5
E12000002,0.7,0.1,10.3,0.6,0.8,7.4,16.7,5,5.9,2.9,3.5,1.4,5.6,4.9,6,9.7,13.9,4.6
E12000003,0.9,0.2,11.2,0.6,0.7,8,16.9,4.9,5.7,2.5,3.7,1.2,5,4.6,5.9,10.1,13.4,4.4
E12000004,1.2,0.3,12.9,0.8,0.8,7.7,17.8,5.2,5.1,2.6,2.5,1.1,5,4.5,5.6,9.9,12.6,4.4
E12000005,0.9,0.1,12.3,0.7,0.8,7.5,17.1,5.2,5.2,2.9,3.1,1.4,5.1,4.7,5.3,10.2,12.9,4.5
E12000006,1.1,0.1,8.7,0.4,0.7,8.6,16.4,5.3,4.7,3.9,5,1.4,6.8,4.8,5.6,9.9,11.5,5
E12000007,0.1,0.1,3.2,0.3,0.4,6.6,13.1,5,6.3,6.9,7.7,2,10.9,5.9,5,9.6,10.7,6.4
E12000008,0.7,0.1,7.2,0.6,0.7,8,15.6,5.2,5,5.5,4.5,1.4,7.5,5.2,6,10.1,11.6,5.1
E12000009,1.6,0.2,9.1,0.6,0.8,8,16.2,4,6.3,3.3,3.7,1.4,5.9,4.4,7.1,9.7,12.9,4.8
K02000001,1,0.3,8.9,0.6,0.7,7.7,15.9,4.9,5.6,3.8,4.3,1.4,6.4,4.8,6.1,9.8,12.8,5
N92000002,1,0.3,8.9,0.6,0.7,7.7,15.9,4.9,5.6,3.8,4.3,1.4,6.4,4.8,6.1,9.8,12.8,5
S92000003,2,1.4,7.7,0.8,0.8,8,15,5,6.3,2.7,4.5,1.2,5.2,4.3,7,8.4,15,4.9
W92000004,1.7,0.2,10.5,0.8,0.9,8.2,15.6,3.9,6.2,2.3,3.1,1.2,4.3,4,7.9,10.1,14.5,4.5